pair_id,dataset,model_norm,attack_family,poison_rate,target_label,mode,f,delta,eps,upgd_steps,upgd_steps_multiplier,folder_new,folder_baseline,stealth_tpr_avg_new,stealth_tpr_avg_baseline,stealth_tpr_avg_delta,stealth_auc_avg_new,stealth_auc_avg_baseline,stealth_auc_avg_delta,transfer_rate_new,transfer_rate_baseline,transfer_rate_delta,asr_new,asr_baseline,asr_delta,nc_max_anomaly_index_new,nc_max_anomaly_index_baseline,nc_max_anomaly_index_delta,S_stealth_new,S_stealth_baseline,S_stealth_delta,S_stealth_tpr_new,S_stealth_tpr_baseline,S_stealth_tpr_delta
cifar10|mobilenet|upgd|0.005||all-to-one|||4.0||#1,cifar10,mobilenet,upgd,0.005,,all-to-one,,,4.0,,,upgd_0.005_eps=4.0_constraint=Linf_steps=100_mode=all2one_mult=5_poison_seed=2333_arch=mobilenetv2_cifar10,upgd_0.005_eps=4.0_constraint=Linf_steps=100_mult=5_poison_seed=2333_arch=mobilenetv2_cifar10,0.2941090971026965,0.8492214095744681,-0.5551123124717716,0.13723524470684012,0.4791841122835059,-0.34194886757666576,0.831406,0.216094,0.615312,0.9694147087446128,0.16349228416516057,0.8059224245794522,4.880569934844971,2.037986993789673,2.842582941055298,,,,,,
cifar10|mobilenet|upgd|0.005||all-to-one|||6.0||#1,cifar10,mobilenet,upgd,0.005,,all-to-one,,,6.0,,,upgd_0.005_eps=6.0_constraint=Linf_steps=100_mode=all2one_mult=5_poison_seed=2333_arch=mobilenetv2_cifar10,upgd_0.005_eps=6.0_constraint=Linf_steps=100_mult=5_poison_seed=2333_arch=mobilenetv2_cifar10,0.3704798808012413,0.7450659967504945,-0.3745861159492532,0.16152846928349707,0.4232918241177459,-0.26176335483424884,0.978281,0.417031,0.56125,0.9855414986792715,0.49214514110941193,0.4933963575698596,11.653975486755371,2.7175629138946533,8.936412572860718,,,,,,
cifar10|mobilenet|upgd|0.005||all-to-one|||8.0||#1,cifar10,mobilenet,upgd,0.005,,all-to-one,,,8.0,,,upgd_0.005_eps=8.0_constraint=Linf_steps=100_mode=all2one_mult=5_poison_seed=2333_arch=mobilenetv2_cifar10,upgd_0.005_eps=8.0_constraint=Linf_steps=100_mult=5_poison_seed=2333_arch=mobilenetv2_cifar10,0.3664798835501468,0.7666791962206225,-0.4001993126704757,0.1384756046272797,0.43069583906306597,-0.29222023443578626,0.992812,0.557656,0.435156,0.9940219658000834,0.6564715695815376,0.33755039621854577,3.4944546222686768,9.327699661254883,-5.833245038986206,,,,,,
cifar10|mobilenet|upgd|0.005||all-to-one|||10.0||#1,cifar10,mobilenet,upgd,0.005,,all-to-one,,,10.0,,,upgd_0.005_eps=10.0_constraint=Linf_steps=100_mode=all2one_mult=5_poison_seed=2333_arch=mobilenetv2_cifar10,upgd_0.005_eps=10.0_constraint=Linf_steps=100_mult=5_poison_seed=2333_arch=mobilenetv2_cifar10,0.5630210140997831,0.6709281002638523,-0.10790708616406919,0.2904328842086261,0.3620062081873896,-0.07157332397876348,0.545469,0.495312,0.05015700000000001,0.6409008758515223,0.8430418462393994,-0.20214097038787704,1.8795490264892578,1.1182911396026611,0.7612578868865967,,,,,,
cifar10|mobilenet|upgd|0.005||all-to-one|||12.0||#1,cifar10,mobilenet,upgd,0.005,,all-to-one,,,12.0,,,upgd_0.005_eps=12.0_constraint=Linf_steps=100_mode=all2one_mult=5_poison_seed=2333_arch=mobilenetv2_cifar10,upgd_0.005_eps=12.0_constraint=Linf_steps=100_mult=5_poison_seed=2333_arch=mobilenetv2_cifar10,0.41014950954678975,0.5031993192449048,-0.09304980969811505,0.23900893258430156,0.2853282049538819,-0.04631927236958033,0.967656,0.51375,0.4539059999999999,0.9938829417489226,0.832336994300014,0.1615459474489086,1.4484421014785767,3.879574775695801,-2.431132674217224,,,,,,
cifar10|mobilenet|upgd|0.005||all-to-one|||16.0||#1,cifar10,mobilenet,upgd,0.005,,all-to-one,,,16.0,,,upgd_0.005_eps=16.0_constraint=Linf_steps=100_mode=all2one_mult=5_poison_seed=2333_arch=mobilenetv2_cifar10,upgd_0.005_eps=16.0_constraint=Linf_steps=100_mult=5_poison_seed=2333_arch=mobilenetv2_cifar10,0.52909168496445,0.5357855566237639,-0.006693871659313899,0.3041092874061324,0.3695736637736793,-0.06546437636754687,0.986875,0.905469,0.08140599999999998,0.997219518976783,0.884471013485333,0.11274850549144999,3.0816421508789062,1.4211130142211914,1.6605291366577148,,,,,,
cifar10|mobilenet|upgd|0.005||all-to-one|||20.0||#1,cifar10,mobilenet,upgd,0.005,,all-to-one,,,20.0,,,upgd_0.005_eps=20.0_constraint=Linf_steps=100_mode=all2one_mult=5_poison_seed=2333_arch=mobilenetv2_cifar10,upgd_0.005_eps=20.0_constraint=Linf_steps=100_mult=5_poison_seed=2333_arch=mobilenetv2_cifar10,0.5126772575250836,0.6264558936825886,-0.11377863615750494,0.2532773414877336,0.6496597388918997,-0.39638239740416603,0.94375,0.356875,0.586875,0.9976365911302655,0.7219518976782984,0.2756846934519671,4.605473518371582,1.5479865074157715,3.0574870109558105,,,,,,
cifar10|mobilenet|upgd|0.005||all-to-one|||24.0||#1,cifar10,mobilenet,upgd,0.005,,all-to-one,,,24.0,,,upgd_0.005_eps=24.0_constraint=Linf_steps=100_mode=all2one_mult=5_poison_seed=2333_arch=mobilenetv2_cifar10,upgd_0.005_eps=24.0_constraint=Linf_steps=100_mult=5_poison_seed=2333_arch=mobilenetv2_cifar10,0.6381236814162373,0.31883973631858165,0.3192839450976557,0.3880387016115464,0.16163423145017686,0.22640447016136955,0.904531,0.868594,0.035937,0.9983317113860698,0.9958292784651744,0.002502432920895359,5.527389049530029,8.795232772827148,-3.267843723297119,,,,,,
cifar10|mobilenet|upgd|0.01||all-to-one|||4.0||#1,cifar10,mobilenet,upgd,0.01,,all-to-one,,,4.0,,,upgd_0.010_eps=4.0_constraint=Linf_steps=100_mode=all2one_mult=5_poison_seed=2333_arch=mobilenetv2_cifar10,upgd_0.010_eps=4.0_constraint=Linf_steps=100_mult=5_poison_seed=2333_arch=mobilenetv2_cifar10,0.4814239676141987,0.7167735849056605,-0.23534961729146175,0.1715929825283402,0.39762305454100155,-0.22603007201266134,0.959375,0.303906,0.655469,0.9830390657583762,0.2652578896149034,0.7177811761434728,2.990131139755249,2.9727883338928223,0.017342805862426758,,,,,,
cifar10|mobilenet|upgd|0.01||all-to-one|||6.0||#1,cifar10,mobilenet,upgd,0.01,,all-to-one,,,6.0,,,upgd_0.010_eps=6.0_constraint=Linf_steps=100_mode=all2one_mult=5_poison_seed=2333_arch=mobilenetv2_cifar10,upgd_0.010_eps=6.0_constraint=Linf_steps=100_mult=5_poison_seed=2333_arch=mobilenetv2_cifar10,0.21314155181437533,0.651493366129994,-0.43835181431561865,0.18768618427621575,0.35201755016239455,-0.1643313658861788,0.997344,0.731406,0.265938,0.9961073265674962,0.6994300013902405,0.29667732517725576,9.564075469970703,1.4600266218185425,8.10404884815216,,,,,,
cifar10|mobilenet|upgd|0.01||all-to-one|||8.0||#1,cifar10,mobilenet,upgd,0.01,,all-to-one,,,8.0,,,upgd_0.010_eps=8.0_constraint=Linf_steps=100_mode=all2one_mult=5_poison_seed=2333_arch=mobilenetv2_cifar10,upgd_0.010_eps=8.0_constraint=Linf_steps=100_mult=5_poison_seed=2333_arch=mobilenetv2_cifar10,0.4496774553571429,0.5811635601990488,-0.13148610484190593,0.2310695180434753,0.42498951309707245,-0.19391999505359714,0.978125,0.525625,0.4525,0.9965243987209788,0.7895175865424718,0.20700681217850692,4.250859260559082,4.204725742340088,0.04613351821899414,,,,,,
cifar10|mobilenet|upgd|0.01||all-to-one|||10.0||#1,cifar10,mobilenet,upgd,0.01,,all-to-one,,,10.0,,,upgd_0.010_eps=10.0_constraint=Linf_steps=100_mode=all2one_mult=5_poison_seed=2333_arch=mobilenetv2_cifar10,upgd_0.010_eps=10.0_constraint=Linf_steps=100_mult=5_poison_seed=2333_arch=mobilenetv2_cifar10,0.4269392736368707,0.6790089606434484,-0.2520696870065777,0.2013685924264883,0.39890593416360165,-0.19753734173711335,0.989062,0.569063,0.419999,0.9969414708744613,0.8901709995829279,0.10677047129153339,2.267904758453369,2.523164749145508,-0.25525999069213867,,,,,,
cifar10|mobilenet|upgd|0.01||all-to-one|||12.0||#1,cifar10,mobilenet,upgd,0.01,,all-to-one,,,12.0,,,upgd_0.010_eps=12.0_constraint=Linf_steps=100_mode=all2one_mult=5_poison_seed=2333_arch=mobilenetv2_cifar10,upgd_0.010_eps=12.0_constraint=Linf_steps=100_mult=5_poison_seed=2333_arch=mobilenetv2_cifar10,0.4797558939267308,0.5715994469185461,-0.09184355299181535,0.20363967450192666,0.3391182350634029,-0.13547856056147622,0.977187,0.770156,0.20703100000000008,0.9980536632837481,0.9677464201306826,0.030307243153065544,1.2200443744659424,2.8473637104034424,-1.6273193359375,,,,,,
cifar10|mobilenet|upgd|0.01||all-to-one|||16.0||#1,cifar10,mobilenet,upgd,0.01,,all-to-one,,,16.0,,,upgd_0.010_eps=16.0_constraint=Linf_steps=100_mode=all2one_mult=5_poison_seed=2333_arch=mobilenetv2_cifar10,upgd_0.010_eps=16.0_constraint=Linf_steps=100_mult=5_poison_seed=2333_arch=mobilenetv2_cifar10,0.5333007328905272,0.6837922299676102,-0.1504914970770831,0.23935170227065306,0.4214497297129687,-0.18209802744231562,0.9925,0.814375,0.1781250000000001,0.9994439037953566,0.9872097872932017,0.01223411650215489,1.2232147455215454,2.305981159210205,-1.0827664136886597,,,,,,
cifar10|mobilenet|upgd|0.01||all-to-one|||20.0||#1,cifar10,mobilenet,upgd,0.01,,all-to-one,,,20.0,,,upgd_0.010_eps=20.0_constraint=Linf_steps=100_mode=all2one_mult=5_poison_seed=2333_arch=mobilenetv2_cifar10,upgd_0.010_eps=20.0_constraint=Linf_steps=100_mult=5_poison_seed=2333_arch=mobilenetv2_cifar10,0.46540985744089014,0.6455640137339359,-0.18015415629304576,0.18242427329930844,0.3706610643497801,-0.18823679105047164,0.987969,0.754062,0.23390699999999998,0.9995829278465175,0.9844293062699847,0.015153621576532772,2.529608726501465,2.9751009941101074,-0.4454922676086426,,,,,,
cifar10|mobilenet|upgd|0.01||all-to-one|||24.0||#1,cifar10,mobilenet,upgd,0.01,,all-to-one,,,24.0,,,upgd_0.010_eps=24.0_constraint=Linf_steps=100_mode=all2one_mult=5_poison_seed=2333_arch=mobilenetv2_cifar10,upgd_0.010_eps=24.0_constraint=Linf_steps=100_mult=5_poison_seed=2333_arch=mobilenetv2_cifar10,0.5411089057285874,0.5358173277661795,0.005291577962407867,0.26718376392413234,0.35517371258892716,-0.08798994866479481,0.979688,0.9725,0.007187999999999972,0.9998609759488392,0.9988878075907132,0.0009731683581259976,5.746793270111084,1.4391463994979858,4.307646870613098,,,,,,
cifar10|mobilenet|upgd|0.05||all-to-one|||4.0||#1,cifar10,mobilenet,upgd,0.05,,all-to-one,,,4.0,,,upgd_0.050_eps=4.0_constraint=Linf_steps=100_mode=all2one_mult=5_poison_seed=2333_arch=mobilenetv2_cifar10,upgd_0.050_eps=4.0_constraint=Linf_steps=100_mult=5_poison_seed=2333_arch=mobilenetv2_cifar10,0.1810395493517356,0.47249306604192565,-0.29145351669019004,0.12152722818646255,0.2872122685344747,-0.16568504034801212,0.994844,0.858594,0.13624999999999998,0.997219518976783,0.7825663839844293,0.2146531349923536,2.165011405944824,2.776733160018921,-0.6117217540740967,,,,,,
cifar10|mobilenet|upgd|0.05||all-to-one|||6.0||#1,cifar10,mobilenet,upgd,0.05,,all-to-one,,,6.0,,,upgd_0.050_eps=6.0_constraint=Linf_steps=100_mode=all2one_mult=5_poison_seed=2333_arch=mobilenetv2_cifar10,upgd_0.050_eps=6.0_constraint=Linf_steps=100_mult=5_poison_seed=2333_arch=mobilenetv2_cifar10,0.38022288763066203,0.550865409839011,-0.17064252220834897,0.1550680625404942,0.2704008481030574,-0.11533278556256321,0.994375,0.9825,0.011874999999999969,0.9974975670791046,0.9671903239260392,0.030307243153065433,4.990583896636963,2.1627273559570312,2.8278565406799316,,,,,,
cifar10|mobilenet|upgd|0.05||all-to-one|||8.0||#1,cifar10,mobilenet,upgd,0.05,,all-to-one,,,8.0,,,upgd_0.050_eps=8.0_constraint=Linf_steps=100_mode=all2one_mult=5_poison_seed=2333_arch=mobilenetv2_cifar10,upgd_0.050_eps=8.0_constraint=Linf_steps=100_mult=5_poison_seed=2333_arch=mobilenetv2_cifar10,0.34956511793765666,0.5418525963751439,-0.19228747843748728,0.18463500897137575,0.22462560801548392,-0.03999059904410818,0.995156,0.965938,0.029218000000000077,0.999026831641874,0.9666342277213958,0.03239260392047816,2.146606922149658,1.5815128087997437,0.5650941133499146,,,,,,
cifar10|mobilenet|upgd|0.05||all-to-one|||10.0||#1,cifar10,mobilenet,upgd,0.05,,all-to-one,,,10.0,,,upgd_0.050_eps=10.0_constraint=Linf_steps=100_mode=all2one_mult=5_poison_seed=2333_arch=mobilenetv2_cifar10,upgd_0.050_eps=10.0_constraint=Linf_steps=100_mult=5_poison_seed=2333_arch=mobilenetv2_cifar10,0.34101697273233167,0.5769315957916421,-0.23591462305931044,0.14962540244412026,0.2350731364162577,-0.08544773397213745,0.998437,0.899062,0.09937499999999999,0.9993048797441958,0.9449464757403031,0.05435840400389269,5.9806365966796875,4.373856544494629,1.6067800521850586,,,,,,
cifar10|mobilenet|upgd|0.05||all-to-one|||12.0||#1,cifar10,mobilenet,upgd,0.05,,all-to-one,,,12.0,,,upgd_0.050_eps=12.0_constraint=Linf_steps=100_mode=all2one_mult=5_poison_seed=2333_arch=mobilenetv2_cifar10,upgd_0.050_eps=12.0_constraint=Linf_steps=100_mult=5_poison_seed=2333_arch=mobilenetv2_cifar10,0.2018535525583982,0.6138390721722004,-0.41198551961380214,0.07674502491337476,0.36791910963863184,-0.2911740847252571,0.9975,0.909531,0.08796900000000007,0.9998609759488392,0.9881829556513276,0.011678020297511527,3.938828229904175,4.10191535949707,-0.1630871295928955,,,,,,
cifar10|mobilenet|upgd|0.05||all-to-one|||16.0||#1,cifar10,mobilenet,upgd,0.05,,all-to-one,,,16.0,,,upgd_0.050_eps=16.0_constraint=Linf_steps=100_mode=all2one_mult=5_poison_seed=2333_arch=mobilenetv2_cifar10,upgd_0.050_eps=16.0_constraint=Linf_steps=100_mult=5_poison_seed=2333_arch=mobilenetv2_cifar10,0.5302730354659249,0.5965752601237345,-0.06630222465780966,0.25836587091763086,0.2499127662943169,0.008453104623313945,0.995938,0.900312,0.09562599999999999,0.9995829278465175,0.9887390518559711,0.01084387599054637,1.904176950454712,4.031379699707031,-2.1272027492523193,,,,,,
cifar10|mobilenet|upgd|0.05||all-to-one|||20.0||#1,cifar10,mobilenet,upgd,0.05,,all-to-one,,,20.0,,,upgd_0.050_eps=20.0_constraint=Linf_steps=100_mode=all2one_mult=5_poison_seed=2333_arch=mobilenetv2_cifar10,upgd_0.050_eps=20.0_constraint=Linf_steps=100_mult=5_poison_seed=2333_arch=mobilenetv2_cifar10,0.2801958426028921,0.5213434631831456,-0.24114762058025352,0.2722375729667097,0.266900428419529,0.0053371445471807055,0.997969,0.998281,-0.00031199999999997896,0.9998609759488392,0.9997219518976783,0.00013902405116084093,2.929966926574707,1.8769665956497192,1.0530003309249878,,,,,,
cifar10|mobilenet|upgd|0.05||all-to-one|||24.0||#1,cifar10,mobilenet,upgd,0.05,,all-to-one,,,24.0,,,upgd_0.050_eps=24.0_constraint=Linf_steps=100_mode=all2one_mult=5_poison_seed=2333_arch=mobilenetv2_cifar10,upgd_0.050_eps=24.0_constraint=Linf_steps=100_mult=5_poison_seed=2333_arch=mobilenetv2_cifar10,0.519539684195882,0.5342966119382218,-0.01475692774233972,0.30993716714644326,0.2256035397899211,0.08433362735652217,0.99375,0.982812,0.010938000000000003,0.9993048797441958,0.9991658556930348,0.00013902405116095196,3.7415554523468018,3.366744041442871,0.37481141090393066,,,,,,
cifar10|resnet18|upgd|0.005||all-to-one|||4.0||#1,cifar10,resnet18,upgd,0.005,,all-to-one,,,4.0,,,upgd_0.005_eps=4.0_constraint=Linf_steps=100_mode=all2one_mult=5_poison_seed=2333_arch=ResNet18_cifar10,upgd_0.005_eps=4.0_constraint=Linf_steps=100_mult=5_poison_seed=2333_arch=ResNet18_cifar10,0.028000000000000025,0.7780142670915411,-0.7500142670915411,0.04412875000000005,0.4383163365864754,-0.39418758658647535,0.984531,0.417969,0.566562,0.9995829278465175,0.47991102460725704,0.5196719032392605,,2.167253017425537,,,,,,,
cifar10|resnet18|upgd|0.005||all-to-one|||6.0||#1,cifar10,resnet18,upgd,0.005,,all-to-one,,,6.0,,,upgd_0.005_eps=6.0_constraint=Linf_steps=100_mode=all2one_mult=5_poison_seed=2333_arch=ResNet18_cifar10,upgd_0.005_eps=6.0_constraint=Linf_steps=100_mult=5_poison_seed=2333_arch=ResNet18_cifar10,0.3225,0.7631671637744035,-0.4406671637744035,0.10926049999999998,0.40995857582860395,-0.300698075828604,0.999375,0.595781,0.403594,1.0,0.6407618518003615,0.3592381481996385,,1.8836889266967773,,,,,,,
cifar10|resnet18|upgd|0.005||all-to-one|||8.0||#1,cifar10,resnet18,upgd,0.005,,all-to-one,,,8.0,,,upgd_0.005_eps=8.0_constraint=Linf_steps=100_mode=all2one_mult=5_poison_seed=2333_arch=ResNet18_cifar10,upgd_0.005_eps=8.0_constraint=Linf_steps=100_mult=5_poison_seed=2333_arch=ResNet18_cifar10,0.388,0.8024409908186687,-0.4144409908186687,0.107927,0.4058658384212537,-0.2979388384212537,0.988906,0.601719,0.38718699999999995,0.9993048797441958,0.7268177394689281,0.27248714027526766,,4.256786346435547,,,,,,,
cifar10|resnet18|upgd|0.005||all-to-one|||10.0||#1,cifar10,resnet18,upgd,0.005,,all-to-one,,,10.0,,,upgd_0.005_eps=10.0_constraint=Linf_steps=100_mode=all2one_mult=5_poison_seed=2333_arch=ResNet18_cifar10,upgd_0.005_eps=10.0_constraint=Linf_steps=100_mult=5_poison_seed=2333_arch=ResNet18_cifar10,0.4095,0.6506755482085517,-0.2411755482085517,0.12368625,0.29253432704965454,-0.16884807704965454,0.998594,0.7025,0.29609399999999997,1.0,0.8224662866675935,0.17753371333240653,,2.3838770389556885,,,,,,,
cifar10|resnet18|upgd|0.005||all-to-one|||12.0||#1,cifar10,resnet18,upgd,0.005,,all-to-one,,,12.0,,,upgd_0.005_eps=12.0_constraint=Linf_steps=100_mode=all2one_mult=5_poison_seed=2333_arch=ResNet18_cifar10,upgd_0.005_eps=12.0_constraint=Linf_steps=100_mult=5_poison_seed=2333_arch=ResNet18_cifar10,0.6779999999999999,0.5830827199869153,0.09491728001308464,0.3208417499999999,0.22154419332209474,0.09929755667790519,0.999687,0.664687,0.33499999999999996,1.0,0.849993048797442,0.15000695120255803,,2.8042550086975098,,,,,,,
cifar10|resnet18|upgd|0.01||all-to-one|||4.0||#1,cifar10,resnet18,upgd,0.01,,all-to-one,,,4.0,,,upgd_0.010_eps=4.0_constraint=Linf_steps=100_mode=all2one_mult=5_poison_seed=2333_arch=ResNet18_cifar10,upgd_0.010_eps=4.0_constraint=Linf_steps=100_mult=5_poison_seed=2333_arch=ResNet18_cifar10,0.0,0.6452054204062353,-0.6452054204062353,0.04194025000000012,0.4002650470377431,-0.358324797037743,0.994375,0.756094,0.23828099999999997,0.9997219518976783,0.5886278326150424,0.41109411928263595,,1.9705346822738647,,,,,,,
cifar10|resnet18|upgd|0.01||all-to-one|||6.0||#1,cifar10,resnet18,upgd,0.01,,all-to-one,,,6.0,,,upgd_0.010_eps=6.0_constraint=Linf_steps=100_mode=all2one_mult=5_poison_seed=2333_arch=ResNet18_cifar10,upgd_0.010_eps=6.0_constraint=Linf_steps=100_mult=5_poison_seed=2333_arch=ResNet18_cifar10,0.0,0.6139486892583119,-0.6139486892583119,0.04271225000000001,0.2800093969940327,-0.2372971469940327,0.999219,0.928594,0.07062499999999994,1.0,0.8152370360072293,0.1847629639927707,,1.8386363983154297,,,,,,,
cifar10|resnet18|upgd|0.01||all-to-one|||8.0||#1,cifar10,resnet18,upgd,0.01,,all-to-one,,,8.0,,,upgd_0.010_eps=8.0_constraint=Linf_steps=100_mode=all2one_mult=5_poison_seed=2333_arch=ResNet18_cifar10,upgd_0.010_eps=8.0_constraint=Linf_steps=100_mult=5_poison_seed=2333_arch=ResNet18_cifar10,0.45699999999999996,0.5165605975828111,-0.05956059758281118,0.10917575000000013,0.3200802978011026,-0.21090454780110246,0.994687,0.764219,0.230468,0.9998609759488392,0.7764493257333519,0.22341165021548726,,3.8351263999938965,,,,,,,
cifar10|resnet18|upgd|0.01||all-to-one|||10.0||#1,cifar10,resnet18,upgd,0.01,,all-to-one,,,10.0,,,upgd_0.010_eps=10.0_constraint=Linf_steps=100_mode=all2one_mult=5_poison_seed=2333_arch=ResNet18_cifar10,upgd_0.010_eps=10.0_constraint=Linf_steps=100_mult=5_poison_seed=2333_arch=ResNet18_cifar10,0.05500000000000005,0.5772141515754425,-0.5222141515754425,0.05257925000000008,0.33580870676346686,-0.2832294567634668,0.998594,0.79375,0.20484400000000003,1.0,0.8559710829973586,0.14402891700264142,,3.1154279708862305,,,,,,,
cifar10|resnet18|upgd|0.01||all-to-one|||12.0||#1,cifar10,resnet18,upgd,0.01,,all-to-one,,,12.0,,,upgd_0.010_eps=12.0_constraint=Linf_steps=100_mode=all2one_mult=5_poison_seed=2333_arch=ResNet18_cifar10,upgd_0.010_eps=12.0_constraint=Linf_steps=100_mult=5_poison_seed=2333_arch=ResNet18_cifar10,0.0,0.6249585990976976,-0.6249585990976976,0.027459750000000005,0.24812996854488512,-0.2206702185448851,0.999687,0.854844,0.14484299999999994,1.0,0.8936466008619491,0.10635339913805086,,1.2216695547103882,,,,,,,
cifar10|resnet18|upgd|0.01||all-to-one|||16.0||#1,cifar10,resnet18,upgd,0.01,,all-to-one,,,16.0,,,upgd_0.010_eps=16.0_constraint=Linf_steps=100_mode=all2one_mult=5_poison_seed=2333_arch=ResNet18_cifar10,upgd_0.010_eps=16.0_constraint=Linf_steps=100_mult=5_poison_seed=2333_arch=ResNet18_cifar10,0.35950000000000004,0.5084891181458451,-0.14898911814584503,0.11812849999999997,0.2301527393182814,-0.11202423931828143,0.999219,0.907969,0.09124999999999994,0.9998609759488392,0.9837341860141805,0.01612678993465866,,1.6968339681625366,,,,,,,
cifar10|resnet18|upgd|0.01||all-to-one|||20.0||#1,cifar10,resnet18,upgd,0.01,,all-to-one,,,20.0,,,upgd_0.010_eps=20.0_constraint=Linf_steps=100_mode=all2one_mult=5_poison_seed=2333_arch=ResNet18_cifar10,upgd_0.010_eps=20.0_constraint=Linf_steps=100_mult=5_poison_seed=2333_arch=ResNet18_cifar10,0.4425,0.4901292254504819,-0.04762922545048187,0.1941545,0.17291967339699332,0.021234826603006685,0.997812,0.917813,0.07999900000000004,1.0,0.9952731822605311,0.004726817739468925,,1.7863539457321167,,,,,,,
cifar10|resnet18|upgd|0.01||all-to-one|||24.0||#1,cifar10,resnet18,upgd,0.01,,all-to-one,,,24.0,,,upgd_0.010_eps=24.0_constraint=Linf_steps=100_mode=all2one_mult=5_poison_seed=2333_arch=ResNet18_cifar10,upgd_0.010_eps=24.0_constraint=Linf_steps=100_mult=5_poison_seed=2333_arch=ResNet18_cifar10,0.08499999999999996,0.17245175683212488,-0.08745175683212492,0.038309999999999844,0.06605621182535515,-0.027746211825355305,0.999844,0.965625,0.034219,1.0,0.9970804949256221,0.0029195050743778816,,2.061378240585327,,,,,,,
cifar10|resnet18|upgd|0.05||all-to-one|||4.0||#1,cifar10,resnet18,upgd,0.05,,all-to-one,,,4.0,,,upgd_0.050_eps=4.0_constraint=Linf_steps=100_mode=all2one_mult=5_poison_seed=2333_arch=ResNet18_cifar10,upgd_0.050_eps=4.0_constraint=Linf_steps=100_mult=5_poison_seed=2333_arch=ResNet18_cifar10,0.09750000000000003,0.2708102681838138,-0.1733102681838138,0.05642075000000002,0.1462767288611786,-0.08985597886117858,0.990625,0.942813,0.047811999999999966,1.0,0.9499513415820937,0.05004865841790629,,2.1409451961517334,,,,,,,
cifar10|resnet18|upgd|0.05||all-to-one|||6.0||#1,cifar10,resnet18,upgd,0.05,,all-to-one,,,6.0,,,upgd_0.050_eps=6.0_constraint=Linf_steps=100_mode=all2one_mult=5_poison_seed=2333_arch=ResNet18_cifar10,upgd_0.050_eps=6.0_constraint=Linf_steps=100_mult=5_poison_seed=2333_arch=ResNet18_cifar10,0.10049999999999992,0.3383735749614143,-0.23787357496141437,0.04226099999999988,0.14812039396949428,-0.1058593939694944,0.999687,0.971406,0.028281,1.0,0.9908244126233838,0.009175587376616168,,2.4391777515411377,,,,,,,
cifar10|resnet18|upgd|0.05||all-to-one|||8.0||#1,cifar10,resnet18,upgd,0.05,,all-to-one,,,8.0,,,upgd_0.050_eps=8.0_constraint=Linf_steps=100_mode=all2one_mult=5_poison_seed=2333_arch=ResNet18_cifar10,upgd_0.050_eps=8.0_constraint=Linf_steps=100_mult=5_poison_seed=2333_arch=ResNet18_cifar10,0.31999999999999995,0.16545775977693067,0.15454224022306928,0.14642137499999996,0.09084721540958007,0.05557415959041989,0.997656,0.992188,0.005468000000000028,1.0,0.9847073543723064,0.015292645627693613,,4.08929967880249,,,,,,,
cifar10|resnet18|upgd|0.05||all-to-one|||10.0||#1,cifar10,resnet18,upgd,0.05,,all-to-one,,,10.0,,,upgd_0.050_eps=10.0_constraint=Linf_steps=100_mode=all2one_mult=5_poison_seed=2333_arch=ResNet18_cifar10,upgd_0.050_eps=10.0_constraint=Linf_steps=100_mult=5_poison_seed=2333_arch=ResNet18_cifar10,0.17500000000000004,0.47108493208675606,-0.296084932086756,0.05573225000000004,0.15862006030915343,-0.1028878103091534,0.998594,0.978437,0.02015699999999998,1.0,0.9646878910051438,0.03531210899485615,,2.56168794631958,,,,,,,
cifar10|resnet18|upgd|0.05||all-to-one|||12.0||#1,cifar10,resnet18,upgd,0.05,,all-to-one,,,12.0,,,upgd_0.050_eps=12.0_constraint=Linf_steps=100_mode=all2one_mult=5_poison_seed=2333_arch=ResNet18_cifar10,upgd_0.050_eps=12.0_constraint=Linf_steps=100_mult=5_poison_seed=2333_arch=ResNet18_cifar10,0.0014999999999999458,0.4845943311874106,-0.48309433118741063,0.023354250000000132,0.3365020636363384,-0.31314781363633826,0.995313,0.98,0.015313000000000021,1.0,0.9717781176143473,0.028221882385652708,,2.840578079223633,,,,,,,
cifar10|resnet18|upgd|0.05||all-to-one|||16.0||#1,cifar10,resnet18,upgd,0.05,,all-to-one,,,16.0,,,upgd_0.050_eps=16.0_constraint=Linf_steps=100_mode=all2one_mult=5_poison_seed=2333_arch=ResNet18_cifar10,upgd_0.050_eps=16.0_constraint=Linf_steps=100_mult=5_poison_seed=2333_arch=ResNet18_cifar10,0.0,0.3572439375436147,-0.3572439375436147,0.04193725000000004,0.20231360512433816,-0.16037635512433812,1.0,0.991094,0.00890599999999997,1.0,0.9961073265674962,0.003892673432503768,,2.9530439376831055,,,,,,,
cifar10|resnet18|upgd|0.05||all-to-one|||20.0||#1,cifar10,resnet18,upgd,0.05,,all-to-one,,,20.0,,,upgd_0.050_eps=20.0_constraint=Linf_steps=100_mode=all2one_mult=5_poison_seed=2333_arch=ResNet18_cifar10,upgd_0.050_eps=20.0_constraint=Linf_steps=100_mult=5_poison_seed=2333_arch=ResNet18_cifar10,0.20750000000000002,0.6543318944467699,-0.44683189444676985,0.05647749999999996,0.18588618967938975,-0.1294086896793898,1.0,0.962812,0.037188,1.0,0.9963853746698179,0.0036146253301820863,,1.8134455680847168,,,,,,,
cifar10|resnet18|upgd|0.05||all-to-one|||24.0||#1,cifar10,resnet18,upgd,0.05,,all-to-one,,,24.0,,,upgd_0.050_eps=24.0_constraint=Linf_steps=100_mode=all2one_mult=5_poison_seed=2333_arch=ResNet18_cifar10,upgd_0.050_eps=24.0_constraint=Linf_steps=100_mult=5_poison_seed=2333_arch=ResNet18_cifar10,0.0,0.3857665645879733,-0.3857665645879733,0.03609537500000004,0.18620950039896855,-0.1501141253989685,1.0,0.9875,0.012499999999999956,1.0,0.9987487835395523,0.0012512164604476794,,5.05472993850708,,,,,,,
mnistm|mobilenet|sig|0.005||all-to-one|6.0|4.0|||#1,mnistm,mobilenet,sig,0.005,,all-to-one,6.0,4.0,,,,SIG_0.005_delta=4_f=6_mode=all2one_poison_seed=2333_arch=mobilenetv2_mnistm,SIG_0.005_delta=4_f=6_poison_seed=2333_arch=mobilenetv2_mnistm,0.9312812500000001,0.9312291666666667,5.2083333333396986e-05,0.5612903356075768,0.5705622937249268,-0.009271958117350043,0.001815,0.002094,-0.00027899999999999995,0.002233389168062535,0.0016750418760469012,0.0005583472920156337,2.230335235595703,4.502109050750732,-2.2717738151550293,,,,,,
mnistm|mobilenet|sig|0.005||all-to-one|6.0|12.0|||#1,mnistm,mobilenet,sig,0.005,,all-to-one,6.0,12.0,,,,SIG_0.005_delta=12_f=6_mode=all2one_poison_seed=2333_arch=mobilenetv2_mnistm,SIG_0.005_delta=12_f=6_poison_seed=2333_arch=mobilenetv2_mnistm,0.9360625,0.8911819852941176,0.04488051470588239,0.5980255348787977,0.5866995927289503,0.01132594214984739,0.000838,0.001117,-0.00027899999999999995,0.002233389168062535,0.002372975991066443,-0.00013958682300390822,1.385177731513977,1.150768518447876,0.23440921306610107,,,,,,
mnistm|mobilenet|sig|0.005||all-to-one|6.0|20.0|||#1,mnistm,mobilenet,sig,0.005,,all-to-one,6.0,20.0,,,,SIG_0.005_delta=20_f=6_mode=all2one_poison_seed=2333_arch=mobilenetv2_mnistm,SIG_0.005_delta=20_f=6_poison_seed=2333_arch=mobilenetv2_mnistm,0.8022683097652081,0.92375,-0.12148169023479183,0.5451874124456771,0.5771146597641679,-0.031927247318490726,0.839336,0.001117,0.8382189999999999,0.5231714126186487,0.0016750418760469012,0.5214963707426018,1.4679747819900513,2.178793430328369,-0.7108186483383179,,,,,,
mnistm|mobilenet|sig|0.005||all-to-one|6.0|28.0|||#1,mnistm,mobilenet,sig,0.005,,all-to-one,6.0,28.0,,,,SIG_0.005_delta=28_f=6_mode=all2one_poison_seed=2333_arch=mobilenetv2_mnistm,SIG_0.005_delta=28_f=6_poison_seed=2333_arch=mobilenetv2_mnistm,0.6717158944658945,0.92434375,-0.2526278555341055,0.4091508147978482,0.5750277683503293,-0.1658769535524811,0.981993,0.001815,0.980178,0.759212730318258,0.0020938023450586263,0.7571189279731994,3.047332525253296,3.795034408569336,-0.74770188331604,,,,,,
mnistm|mobilenet|sig|0.005||all-to-one|6.0|36.0|||#1,mnistm,mobilenet,sig,0.005,,all-to-one,6.0,36.0,,,,SIG_0.005_delta=36_f=6_mode=all2one_poison_seed=2333_arch=mobilenetv2_mnistm,SIG_0.005_delta=36_f=6_poison_seed=2333_arch=mobilenetv2_mnistm,0.5494899917674988,0.9335625,-0.38407250823250116,0.41211895176073754,0.5897298863766548,-0.17761093461591726,0.704076,0.000838,0.703238,0.9113623673925182,0.0013958682300390843,0.9099664991624791,1.062713861465454,3.7144627571105957,-2.6517488956451416,,,,,,
mnistm|mobilenet|sig|0.005||all-to-one|6.0|44.0|||#1,mnistm,mobilenet,sig,0.005,,all-to-one,6.0,44.0,,,,SIG_0.005_delta=44_f=6_mode=all2one_poison_seed=2333_arch=mobilenetv2_mnistm,SIG_0.005_delta=44_f=6_poison_seed=2333_arch=mobilenetv2_mnistm,0.804499579253366,0.943625,-0.13912542074663403,0.47344174643674664,0.5837266302599255,-0.11028488382317891,0.889587,0.001815,0.887772,0.9123394751535455,0.0018146286990508096,0.9105248464544947,1.546278715133667,2.2399814128875732,-0.6937026977539062,,,,,,
mnistm|mobilenet|sig|0.005||all-to-one|6.0|56.0|||#1,mnistm,mobilenet,sig,0.005,,all-to-one,6.0,56.0,,,,SIG_0.005_delta=56_f=6_mode=all2one_poison_seed=2333_arch=mobilenetv2_mnistm,SIG_0.005_delta=56_f=6_poison_seed=2333_arch=mobilenetv2_mnistm,0.7536071650234075,0.91659375,-0.16298658497659246,0.5224672022296413,0.581736828732369,-0.05926962650272771,0.930765,0.000838,0.929927,0.9839475153545505,0.0036292573981016193,0.9803182579564489,1.339648723602295,2.314166307449341,-0.9745175838470459,,,,,,
mnistm|mobilenet|sig|0.01||all-to-one|6.0|4.0|||#1,mnistm,mobilenet,sig,0.01,,all-to-one,6.0,4.0,,,,SIG_0.010_delta=4_f=6_mode=all2one_poison_seed=2333_arch=mobilenetv2_mnistm,SIG_0.010_delta=4_f=6_poison_seed=2333_arch=mobilenetv2_mnistm,0.9378421052631579,0.7698020833333333,0.1680400219298246,0.5769576270812751,0.6374135738476504,-0.060455946766375335,0.002652,0.001117,0.001535,0.00265214963707426,0.0020938023450586263,0.0005583472920156337,3.7475104331970215,3.497204542160034,0.2503058910369873,,,,,,
mnistm|mobilenet|sig|0.01||all-to-one|6.0|12.0|||#1,mnistm,mobilenet,sig,0.01,,all-to-one,6.0,12.0,,,,SIG_0.010_delta=12_f=6_mode=all2one_poison_seed=2333_arch=mobilenetv2_mnistm,SIG_0.010_delta=12_f=6_poison_seed=2333_arch=mobilenetv2_mnistm,0.9354554924242424,0.9041507352941176,0.031304757130124816,0.5650607167012827,0.5874809285712863,-0.022420211870003648,0.001256,0.001396,-0.00014000000000000015,0.0046063651591289785,0.002372975991066443,0.0022333891680625354,2.884249210357666,2.896777391433716,-0.012528181076049805,,,,,,
mnistm|mobilenet|sig|0.01||all-to-one|6.0|20.0|||#1,mnistm,mobilenet,sig,0.01,,all-to-one,6.0,20.0,,,,SIG_0.010_delta=20_f=6_mode=all2one_poison_seed=2333_arch=mobilenetv2_mnistm,SIG_0.010_delta=20_f=6_poison_seed=2333_arch=mobilenetv2_mnistm,0.6442258218060305,0.8984375,-0.2542116781939695,0.3898871227704408,0.5349883271781148,-0.14510120440767404,0.989531,0.001396,0.9881350000000001,0.8981016192071468,0.0018146286990508096,0.896286990508096,2.2855143547058105,1.491872787475586,0.7936415672302246,,,,,,
mnistm|mobilenet|sig|0.01||all-to-one|6.0|28.0|||#1,mnistm,mobilenet,sig,0.01,,all-to-one,6.0,28.0,,,,SIG_0.010_delta=28_f=6_mode=all2one_poison_seed=2333_arch=mobilenetv2_mnistm,SIG_0.010_delta=28_f=6_poison_seed=2333_arch=mobilenetv2_mnistm,0.4044162120832737,0.94559375,-0.5411775379167263,0.26285318739903796,0.5893556587390164,-0.32650247133997845,0.944863,0.001815,0.943048,0.975572305974316,0.002512562814070352,0.9730597431602457,2.3777811527252197,1.540166974067688,0.8376141786575317,,,,,,
mnistm|mobilenet|sig|0.01||all-to-one|6.0|36.0|||#1,mnistm,mobilenet,sig,0.01,,all-to-one,6.0,36.0,,,,SIG_0.010_delta=36_f=6_mode=all2one_poison_seed=2333_arch=mobilenetv2_mnistm,SIG_0.010_delta=36_f=6_poison_seed=2333_arch=mobilenetv2_mnistm,0.5021803351282415,0.93653125,-0.4343509148717586,0.3134239238155112,0.5783770960786769,-0.2649531722631657,0.933975,0.001675,0.9323,0.9850642099385818,0.0037688442211055275,0.9812953657174762,1.2375538349151611,1.4063831567764282,-0.1688293218612671,,,,,,
mnistm|mobilenet|sig|0.01||all-to-one|6.0|44.0|||#1,mnistm,mobilenet,sig,0.01,,all-to-one,6.0,44.0,,,,SIG_0.010_delta=44_f=6_mode=all2one_poison_seed=2333_arch=mobilenetv2_mnistm,SIG_0.010_delta=44_f=6_poison_seed=2333_arch=mobilenetv2_mnistm,0.5485187615264577,0.8868482142857143,-0.3383294527592565,0.32375668438272753,0.5740763022352837,-0.2503196178525562,0.997487,0.002094,0.995393,0.9839475153545505,0.001954215522054718,0.9819932998324957,3.81890606880188,1.8429070711135864,1.9759989976882935,,,,,,
mnistm|mobilenet|sig|0.01||all-to-one|6.0|56.0|||#1,mnistm,mobilenet,sig,0.01,,all-to-one,6.0,56.0,,,,SIG_0.010_delta=56_f=6_mode=all2one_poison_seed=2333_arch=mobilenetv2_mnistm,SIG_0.010_delta=56_f=6_poison_seed=2333_arch=mobilenetv2_mnistm,0.6324150285324184,0.8984016203703704,-0.26598659183795204,0.35524996559101396,0.6098406180010615,-0.2545906524100475,0.992183,0.001815,0.990368,0.9967895030709101,0.01507537688442211,0.981714126186488,1.6155608892440796,1.9729416370391846,-0.357380747795105,,,,,,
mnistm|mobilenet|sig|0.05||all-to-one|6.0|4.0|||#1,mnistm,mobilenet,sig,0.05,,all-to-one,6.0,4.0,,,,SIG_0.050_delta=4_f=6_mode=all2one_poison_seed=2333_arch=mobilenetv2_mnistm,SIG_0.050_delta=4_f=6_poison_seed=2333_arch=mobilenetv2_mnistm,0.7233777263519879,0.92846875,-0.20509102364801202,0.47950132081736685,0.5703006005210984,-0.09079927970373158,0.923088,0.001256,0.921832,0.740787269681742,0.002233389168062535,0.7385538805136795,1.7647795677185059,1.7666890621185303,-0.001909494400024414,,,,,,
mnistm|mobilenet|sig|0.05||all-to-one|6.0|12.0|||#1,mnistm,mobilenet,sig,0.05,,all-to-one,6.0,12.0,,,,SIG_0.050_delta=12_f=6_mode=all2one_poison_seed=2333_arch=mobilenetv2_mnistm,SIG_0.050_delta=12_f=6_poison_seed=2333_arch=mobilenetv2_mnistm,0.5433141623766624,0.8934791666666666,-0.3501650042900042,0.3310968732090863,0.5613874653185749,-0.23029059210948855,0.982272,0.001256,0.981016,0.9761306532663316,0.0020938023450586263,0.974036850921273,2.1554603576660156,2.4607110023498535,-0.3052506446838379,,,,,,
mnistm|mobilenet|sig|0.05||all-to-one|6.0|20.0|||#1,mnistm,mobilenet,sig,0.05,,all-to-one,6.0,20.0,,,,SIG_0.050_delta=20_f=6_mode=all2one_poison_seed=2333_arch=mobilenetv2_mnistm,SIG_0.050_delta=20_f=6_poison_seed=2333_arch=mobilenetv2_mnistm,0.42607673089082476,0.9225798611111111,-0.49650313022028636,0.27037360754313444,0.5895570840142328,-0.31918347647109835,0.997767,0.002652,0.995115,0.9934394193188163,0.002512562814070352,0.990926856504746,1.621609091758728,1.5293731689453125,0.09223592281341553,,,,,,
mnistm|mobilenet|sig|0.05||all-to-one|6.0|28.0|||#1,mnistm,mobilenet,sig,0.05,,all-to-one,6.0,28.0,,,,SIG_0.050_delta=28_f=6_mode=all2one_poison_seed=2333_arch=mobilenetv2_mnistm,SIG_0.050_delta=28_f=6_poison_seed=2333_arch=mobilenetv2_mnistm,0.4308572836370007,0.8768600543478261,-0.4460027707108254,0.29546083601460094,0.5836956083119784,-0.2882347722973775,0.999162,0.002233,0.996929,0.9959519821328866,0.01605248464544947,0.9798994974874371,3.114117383956909,3.364607810974121,-0.2504904270172119,,,,,,
mnistm|mobilenet|sig|0.05||all-to-one|6.0|36.0|||#1,mnistm,mobilenet,sig,0.05,,all-to-one,6.0,36.0,,,,SIG_0.050_delta=36_f=6_mode=all2one_poison_seed=2333_arch=mobilenetv2_mnistm,SIG_0.050_delta=36_f=6_poison_seed=2333_arch=mobilenetv2_mnistm,0.48769132706556684,0.8928674242424243,-0.40517609717685743,0.2983153271519118,0.5907292459383369,-0.2924139187864251,0.99679,0.002931,0.9938589999999999,0.998464544946957,0.018425460636515914,0.9800390843104411,1.8745226860046387,2.2277748584747314,-0.3532521724700928,,,,,,
mnistm|mobilenet|sig|0.05||all-to-one|6.0|44.0|||#1,mnistm,mobilenet,sig,0.05,,all-to-one,6.0,44.0,,,,SIG_0.050_delta=44_f=6_mode=all2one_poison_seed=2333_arch=mobilenetv2_mnistm,SIG_0.050_delta=44_f=6_poison_seed=2333_arch=mobilenetv2_mnistm,0.5808683693602459,0.8863049203049203,-0.30543655094467437,0.3672718201462486,0.553277898733803,-0.18600607858755436,0.999721,0.011446,0.988275,0.9993020658849805,0.20142378559463986,0.7978782802903406,1.9846820831298828,1.4693526029586792,0.5153294801712036,,,,,,
mnistm|mobilenet|sig|0.05||all-to-one|6.0|56.0|||#1,mnistm,mobilenet,sig,0.05,,all-to-one,6.0,56.0,,,,SIG_0.050_delta=56_f=6_mode=all2one_poison_seed=2333_arch=mobilenetv2_mnistm,SIG_0.050_delta=56_f=6_poison_seed=2333_arch=mobilenetv2_mnistm,0.452211189445763,0.8184970930232558,-0.3662859035774928,0.27296796498755327,0.5816908294645375,-0.30872286447698427,1.0,0.032663,0.967337,0.9998604131769961,0.39000558347292014,0.609854829704076,4.980965614318848,1.135252594947815,3.8457130193710327,,,,,,
mnistm|resnet18|sig|0.005||all-to-one|6.0|4.0|||#1,mnistm,resnet18,sig,0.005,,all-to-one,6.0,4.0,,,,SIG_0.005_delta=4_f=6_mode=all2one_poison_seed=2333_arch=ResNet18_mnistm,SIG_0.005_delta=4_f=6_poison_seed=2333_arch=ResNet18_mnistm,0.8604186320754716,0.85546875,0.0049498820754716455,0.5692832570904585,0.5744463177206871,-0.005163060630228644,0.011167,0.000698,0.010469,0.014796203238414294,0.0011166945840312675,0.013679508654383027,1.7386589050292969,2.124480724334717,-0.3858218193054199,,,,,,
mnistm|resnet18|sig|0.005||all-to-one|6.0|12.0|||#1,mnistm,resnet18,sig,0.005,,all-to-one,6.0,12.0,,,,SIG_0.005_delta=12_f=6_mode=all2one_poison_seed=2333_arch=ResNet18_mnistm,SIG_0.005_delta=12_f=6_poison_seed=2333_arch=ResNet18_mnistm,0.606820569377466,0.8359062500000001,-0.2290856806225341,0.35248266697544883,0.5898045240601255,-0.23732185708467668,0.72292,0.000838,0.722082,0.6367950865438302,0.000977107761027359,0.6358179787828029,1.4094868898391724,1.8494619131088257,-0.4399750232696533,,,,,,
mnistm|resnet18|sig|0.005||all-to-one|6.0|20.0|||#1,mnistm,resnet18,sig,0.005,,all-to-one,6.0,20.0,,,,SIG_0.005_delta=20_f=6_mode=all2one_poison_seed=2333_arch=ResNet18_mnistm,SIG_0.005_delta=20_f=6_poison_seed=2333_arch=ResNet18_mnistm,0.5308069269374417,0.8360937500000001,-0.3052868230625584,0.32191277858982315,0.5684632584058544,-0.2465504798160313,0.666387,0.001117,0.6652699999999999,0.8969849246231156,0.0008375209380234506,0.8961474036850922,2.013350248336792,1.111086368560791,0.902263879776001,,,,,,
mnistm|resnet18|sig|0.005||all-to-one|6.0|28.0|||#1,mnistm,resnet18,sig,0.005,,all-to-one,6.0,28.0,,,,SIG_0.005_delta=28_f=6_mode=all2one_poison_seed=2333_arch=ResNet18_mnistm,SIG_0.005_delta=28_f=6_poison_seed=2333_arch=ResNet18_mnistm,0.41036923140770254,0.883625,-0.47325576859229745,0.2877936215118284,0.5782332961633351,-0.29043967465150666,0.879118,0.001396,0.877722,0.9459798994974874,0.000977107761027359,0.9450027917364601,2.4773812294006348,2.1476621627807617,0.32971906661987305,,,,,,
mnistm|resnet18|sig|0.005||all-to-one|6.0|36.0|||#1,mnistm,resnet18,sig,0.005,,all-to-one,6.0,36.0,,,,SIG_0.005_delta=36_f=6_mode=all2one_poison_seed=2333_arch=ResNet18_mnistm,SIG_0.005_delta=36_f=6_poison_seed=2333_arch=ResNet18_mnistm,0.405185701438849,0.8183854166666666,-0.4131997152278176,0.26795792695383036,0.5629230786718585,-0.2949651517180282,0.916248,0.001815,0.9144329999999999,0.9701284198771636,0.0016750418760469012,0.9684533780011166,1.9250364303588867,1.9787739515304565,-0.053737521171569824,,,,,,
mnistm|resnet18|sig|0.005||all-to-one|6.0|44.0|||#1,mnistm,resnet18,sig,0.005,,all-to-one,6.0,44.0,,,,SIG_0.005_delta=44_f=6_mode=all2one_poison_seed=2333_arch=ResNet18_mnistm,SIG_0.005_delta=44_f=6_poison_seed=2333_arch=ResNet18_mnistm,0.43168846502775016,0.7405937499999999,-0.3089052849722498,0.2925263850878639,0.5797909850352705,-0.2872645999474066,0.906058,0.000698,0.90536,0.9808766052484645,0.0011166945840312675,0.9797599106644332,3.5847713947296143,1.5524187088012695,2.0323526859283447,,,,,,
mnistm|resnet18|sig|0.005||all-to-one|6.0|56.0|||#1,mnistm,resnet18,sig,0.005,,all-to-one,6.0,56.0,,,,SIG_0.005_delta=56_f=6_mode=all2one_poison_seed=2333_arch=ResNet18_mnistm,SIG_0.005_delta=56_f=6_poison_seed=2333_arch=ResNet18_mnistm,0.4376326890920734,0.8446699695121951,-0.40703728042012166,0.31938753823856914,0.5917152292314249,-0.2723276909928558,0.96636,0.001117,0.965243,0.9808766052484645,0.011446119486320492,0.9694304857621441,3.608020067214966,1.8737465143203735,1.7342735528945923,,,,,,
mnistm|resnet18|sig|0.01||all-to-one|6.0|4.0|||#1,mnistm,resnet18,sig,0.01,,all-to-one,6.0,4.0,,,,SIG_0.010_delta=4_f=6_mode=all2one_poison_seed=2333_arch=ResNet18_mnistm,SIG_0.010_delta=4_f=6_poison_seed=2333_arch=ResNet18_mnistm,0.8217104292738275,0.8751875,-0.05347707072617247,0.5254543717429795,0.583967939873011,-0.0585135681300315,0.497069,0.000698,0.496371,0.2768006700167504,0.0008375209380234506,0.27596314907872693,1.5803520679473877,1.3548338413238525,0.22551822662353516,,,,,,
mnistm|resnet18|sig|0.01||all-to-one|6.0|12.0|||#1,mnistm,resnet18,sig,0.01,,all-to-one,6.0,12.0,,,,SIG_0.010_delta=12_f=6_mode=all2one_poison_seed=2333_arch=ResNet18_mnistm,SIG_0.010_delta=12_f=6_poison_seed=2333_arch=ResNet18_mnistm,0.35034530200687186,0.831875,-0.48152969799312817,0.30669946028463657,0.5569234091555977,-0.2502239488709611,0.906896,0.000838,0.906058,0.8937744276940257,0.0006979341150195422,0.8930764935790062,2.0179080963134766,1.408960223197937,0.6089478731155396,,,,,,
mnistm|resnet18|sig|0.01||all-to-one|6.0|20.0|||#1,mnistm,resnet18,sig,0.01,,all-to-one,6.0,20.0,,,,SIG_0.010_delta=20_f=6_mode=all2one_poison_seed=2333_arch=ResNet18_mnistm,SIG_0.010_delta=20_f=6_poison_seed=2333_arch=ResNet18_mnistm,0.4071776844971865,0.8409375,-0.4337598155028135,0.23151556817726693,0.5982655210291015,-0.36674995285183454,0.876884,0.001117,0.875767,0.9674762702400893,0.001256281407035176,0.9662199888330542,1.5315725803375244,1.2898508310317993,0.2417217493057251,,,,,,
mnistm|resnet18|sig|0.01||all-to-one|6.0|28.0|||#1,mnistm,resnet18,sig,0.01,,all-to-one,6.0,28.0,,,,SIG_0.010_delta=28_f=6_mode=all2one_poison_seed=2333_arch=ResNet18_mnistm,SIG_0.010_delta=28_f=6_poison_seed=2333_arch=ResNet18_mnistm,0.4034787805354354,0.80859375,-0.4051149694645646,0.23927400153332623,0.5665107162944452,-0.32723671476111893,0.945422,0.000558,0.944864,0.9828308207705193,0.0013958682300390843,0.9814349525404802,2.8328094482421875,2.2799606323242188,0.5528488159179688,,,,,,
mnistm|resnet18|sig|0.01||all-to-one|6.0|36.0|||#1,mnistm,resnet18,sig,0.01,,all-to-one,6.0,36.0,,,,SIG_0.010_delta=36_f=6_mode=all2one_poison_seed=2333_arch=ResNet18_mnistm,SIG_0.010_delta=36_f=6_poison_seed=2333_arch=ResNet18_mnistm,0.46686878355467654,0.8592316176470588,-0.39236283409238226,0.26695286410152386,0.5788578897735637,-0.3119050256720398,0.83445,0.001117,0.833333,0.9879955332216639,0.002372975991066443,0.9856225572305974,2.066718816757202,2.860703468322754,-0.7939846515655518,,,,,,
mnistm|resnet18|sig|0.01||all-to-one|6.0|44.0|||#1,mnistm,resnet18,sig,0.01,,all-to-one,6.0,44.0,,,,SIG_0.010_delta=44_f=6_mode=all2one_poison_seed=2333_arch=ResNet18_mnistm,SIG_0.010_delta=44_f=6_poison_seed=2333_arch=ResNet18_mnistm,0.4139185040407589,0.8836875,-0.46976899595924104,0.26045736471123493,0.5920615638914335,-0.33160419918019857,0.988833,0.001396,0.987437,0.9931602456728085,0.00809603573422669,0.9850642099385818,1.615834355354309,1.433679223060608,0.18215513229370117,,,,,,
mnistm|resnet18|sig|0.01||all-to-one|6.0|56.0|||#1,mnistm,resnet18,sig,0.01,,all-to-one,6.0,56.0,,,,SIG_0.010_delta=56_f=6_mode=all2one_poison_seed=2333_arch=ResNet18_mnistm,SIG_0.010_delta=56_f=6_poison_seed=2333_arch=ResNet18_mnistm,0.42100436413348286,0.8134194078947368,-0.3924150437612539,0.26433629331686403,0.6002412871643504,-0.3359049938474864,0.992602,0.001815,0.990787,0.9955332216638749,0.04243439419318816,0.9530988274706867,2.5926718711853027,2.6132264137268066,-0.020554542541503906,,,,,,
mnistm|resnet18|sig|0.05||all-to-one|6.0|4.0|||#1,mnistm,resnet18,sig,0.05,,all-to-one,6.0,4.0,,,,SIG_0.050_delta=4_f=6_mode=all2one_poison_seed=2333_arch=ResNet18_mnistm,SIG_0.050_delta=4_f=6_poison_seed=2333_arch=ResNet18_mnistm,0.5171271491444553,0.8074419642857142,-0.2903148151412589,0.4525112381073342,0.5586957031261639,-0.10618446501882972,0.995812,0.001117,0.994695,0.8484087102177554,0.000977107761027359,0.8474316024567281,1.1697076559066772,2.4113821983337402,-1.241674542427063,,,,,,
mnistm|resnet18|sig|0.05||all-to-one|6.0|12.0|||#1,mnistm,resnet18,sig,0.05,,all-to-one,6.0,12.0,,,,SIG_0.050_delta=12_f=6_mode=all2one_poison_seed=2333_arch=ResNet18_mnistm,SIG_0.050_delta=12_f=6_poison_seed=2333_arch=ResNet18_mnistm,0.5234496311010215,0.6671546052631578,-0.14370497416213635,0.28944937031525875,0.6042812612256487,-0.31483189091039,0.999023,0.001675,0.997348,0.9838079285315466,0.00265214963707426,0.9811557788944724,1.3244132995605469,2.6238675117492676,-1.2994542121887207,,,,,,
mnistm|resnet18|sig|0.05||all-to-one|6.0|20.0|||#1,mnistm,resnet18,sig,0.05,,all-to-one,6.0,20.0,,,,SIG_0.050_delta=20_f=6_mode=all2one_poison_seed=2333_arch=ResNet18_mnistm,SIG_0.050_delta=20_f=6_poison_seed=2333_arch=ResNet18_mnistm,0.4437331970377649,0.8557455357142857,-0.41201233867652076,0.258109669851494,0.6064355488671367,-0.3483258790156427,0.995812,0.004048,0.991764,0.9942769402568398,0.015633724176437745,0.9786432160804021,1.1787644624710083,1.4743664264678955,-0.2956019639968872,,,,,,
mnistm|resnet18|sig|0.05||all-to-one|6.0|28.0|||#1,mnistm,resnet18,sig,0.05,,all-to-one,6.0,28.0,,,,SIG_0.050_delta=28_f=6_mode=all2one_poison_seed=2333_arch=ResNet18_mnistm,SIG_0.050_delta=28_f=6_poison_seed=2333_arch=ResNet18_mnistm,0.39810048668390885,0.8482850311387901,-0.4501845444548812,0.24649922421464032,0.5788499361172975,-0.3323507119026572,0.999581,0.006281,0.9933000000000001,0.998464544946957,0.03922389726409827,0.9592406476828588,2.9203639030456543,2.4930412769317627,0.4273226261138916,,,,,,
mnistm|resnet18|sig|0.05||all-to-one|6.0|36.0|||#1,mnistm,resnet18,sig,0.05,,all-to-one,6.0,36.0,,,,SIG_0.050_delta=36_f=6_mode=all2one_poison_seed=2333_arch=ResNet18_mnistm,SIG_0.050_delta=36_f=6_poison_seed=2333_arch=ResNet18_mnistm,0.2696865567356065,0.835891031598513,-0.5662044748629065,0.27763383012954324,0.6165194776113776,-0.33888564748183436,0.999442,0.006421,0.993021,0.9988833054159687,0.07509771077610274,0.923785594639866,2.057896375656128,2.6216471195220947,-0.5637507438659668,,,,,,
mnistm|resnet18|sig|0.05||all-to-one|6.0|44.0|||#1,mnistm,resnet18,sig,0.05,,all-to-one,6.0,44.0,,,,SIG_0.050_delta=44_f=6_mode=all2one_poison_seed=2333_arch=ResNet18_mnistm,SIG_0.050_delta=44_f=6_poison_seed=2333_arch=ResNet18_mnistm,0.18048944362950547,0.7058958666134185,-0.525406422983913,0.2498856370803204,0.6006258766015825,-0.3507402395212621,0.999721,0.010748,0.988973,0.9991624790619765,0.13107202680067,0.8680904522613065,2.5437068939208984,1.5910567045211792,0.9526501893997192,,,,,,
mnistm|resnet18|sig|0.05||all-to-one|6.0|56.0|||#1,mnistm,resnet18,sig,0.05,,all-to-one,6.0,56.0,,,,SIG_0.050_delta=56_f=6_mode=all2one_poison_seed=2333_arch=ResNet18_mnistm,SIG_0.050_delta=56_f=6_poison_seed=2333_arch=ResNet18_mnistm,0.3407894256945414,0.8592220394736843,-0.5184326137791428,0.2360605612603972,0.6088679552206014,-0.37280739396020424,0.99986,0.017588,0.9822719999999999,0.9998604131769961,0.24399776661083195,0.7558626465661642,1.4981051683425903,2.222869634628296,-0.7247644662857056,,,,,,
mnistm|vgg|sig|0.005||all-to-one|6.0|4.0|||#1,mnistm,vgg,sig,0.005,,all-to-one,6.0,4.0,,,,SIG_0.005_delta=4_f=6_mode=all2one_poison_seed=2333_arch=vgg19_bn_mnistm,SIG_0.005_delta=4_f=6_poison_seed=2333_arch=vgg19_bn_mnistm,0.77746875,0.5596875,0.21778125000000004,0.5072016692367811,0.5626726831424185,-0.055471013905637356,0.002792,0.001117,0.0016750000000000003,0.0020938023450586263,0.0016750418760469012,0.0004187604690117251,2.2430665493011475,2.5276739597320557,-0.2846074104309082,,,,,,
mnistm|vgg|sig|0.005||all-to-one|6.0|12.0|||#1,mnistm,vgg,sig,0.005,,all-to-one,6.0,12.0,,,,SIG_0.005_delta=12_f=6_mode=all2one_poison_seed=2333_arch=vgg19_bn_mnistm,SIG_0.005_delta=12_f=6_poison_seed=2333_arch=vgg19_bn_mnistm,0.777428490990991,0.7397544642857143,0.03767402670527664,0.5723152038220406,0.5425175328328591,0.029797670989181513,0.004886,0.000977,0.003908999999999999,0.015494137353433836,0.001954215522054718,0.013539921831379118,5.790342330932617,1.3766517639160156,4.413690567016602,,,,,,
mnistm|vgg|sig|0.005||all-to-one|6.0|20.0|||#1,mnistm,vgg,sig,0.005,,all-to-one,6.0,20.0,,,,SIG_0.005_delta=20_f=6_mode=all2one_poison_seed=2333_arch=vgg19_bn_mnistm,SIG_0.005_delta=20_f=6_poison_seed=2333_arch=vgg19_bn_mnistm,0.7538837331382031,0.7432291666666666,0.010654566471536508,0.5438442807119382,0.5402903411975033,0.003553939514434945,0.206868,0.000838,0.20603,0.5484366275823562,0.0020938023450586263,0.5463428252372976,2.375753879547119,1.5038506984710693,0.8719031810760498,,,,,,
mnistm|vgg|sig|0.005||all-to-one|6.0|28.0|||#1,mnistm,vgg,sig,0.005,,all-to-one,6.0,28.0,,,,SIG_0.005_delta=28_f=6_mode=all2one_poison_seed=2333_arch=vgg19_bn_mnistm,SIG_0.005_delta=28_f=6_poison_seed=2333_arch=vgg19_bn_mnistm,0.6632107923331718,0.7386597222222222,-0.07544892988905039,0.5156488216841912,0.5636335316114695,-0.04798470992727821,0.288107,0.001256,0.286851,0.8639028475711893,0.001256281407035176,0.8626465661641541,1.8628756999969482,2.8648037910461426,-1.0019280910491943,,,,,,
mnistm|vgg|sig|0.005||all-to-one|6.0|36.0|||#1,mnistm,vgg,sig,0.005,,all-to-one,6.0,36.0,,,,SIG_0.005_delta=36_f=6_mode=all2one_poison_seed=2333_arch=vgg19_bn_mnistm,SIG_0.005_delta=36_f=6_poison_seed=2333_arch=vgg19_bn_mnistm,0.6556698312236287,0.7412366071428571,-0.08556677591922845,0.4492622555037682,0.6012908021878101,-0.15202854668404187,0.258515,0.000698,0.257817,0.9262981574539364,0.001954215522054718,0.9243439419318816,2.2857248783111572,3.6651885509490967,-1.3794636726379395,,,,,,
mnistm|vgg|sig|0.005||all-to-one|6.0|44.0|||#1,mnistm,vgg,sig,0.005,,all-to-one,6.0,44.0,,,,SIG_0.005_delta=44_f=6_mode=all2one_poison_seed=2333_arch=vgg19_bn_mnistm,SIG_0.005_delta=44_f=6_poison_seed=2333_arch=vgg19_bn_mnistm,0.6154754699515808,0.7009567307692308,-0.08548126081765006,0.4518820814012948,0.5372650689894706,-0.08538298758817575,0.73981,0.001396,0.738414,0.980178671133445,0.0018146286990508096,0.9783640424343942,5.443873882293701,1.0520917177200317,4.391782164573669,,,,,,
mnistm|vgg|sig|0.005||all-to-one|6.0|56.0|||#1,mnistm,vgg,sig,0.005,,all-to-one,6.0,56.0,,,,SIG_0.005_delta=56_f=6_mode=all2one_poison_seed=2333_arch=vgg19_bn_mnistm,SIG_0.005_delta=56_f=6_poison_seed=2333_arch=vgg19_bn_mnistm,0.6155817201524434,0.8031021959459459,-0.1875204757935025,0.434388349690904,0.5977368056960846,-0.16334845600518055,0.713149,0.000977,0.712172,0.9797599106644332,0.02582356225572306,0.9539363484087102,2.1990904808044434,1.6819038391113281,0.5171866416931152,,,,,,
mnistm|vgg|sig|0.01||all-to-one|6.0|4.0|||#1,mnistm,vgg,sig,0.01,,all-to-one,6.0,4.0,,,,SIG_0.010_delta=4_f=6_mode=all2one_poison_seed=2333_arch=vgg19_bn_mnistm,SIG_0.010_delta=4_f=6_poison_seed=2333_arch=vgg19_bn_mnistm,0.89,0.7619479166666666,0.1280520833333334,0.5626271962211766,0.5812425955204663,-0.01861539929928968,0.001256,0.000977,0.00027899999999999995,0.0020938023450586263,0.0016750418760469012,0.0004187604690117251,2.3542134761810303,1.031022071838379,1.3231914043426514,,,,,,
mnistm|vgg|sig|0.01||all-to-one|6.0|12.0|||#1,mnistm,vgg,sig,0.01,,all-to-one,6.0,12.0,,,,SIG_0.010_delta=12_f=6_mode=all2one_poison_seed=2333_arch=vgg19_bn_mnistm,SIG_0.010_delta=12_f=6_poison_seed=2333_arch=vgg19_bn_mnistm,0.7605494756041952,0.76525,-0.004700524395804817,0.49034813453470805,0.5666128783663618,-0.07626474383165371,0.120603,0.000977,0.119626,0.6122278056951423,0.000977107761027359,0.611250697934115,2.111109733581543,1.813245177268982,0.29786455631256104,,,,,,
mnistm|vgg|sig|0.01||all-to-one|6.0|20.0|||#1,mnistm,vgg,sig,0.01,,all-to-one,6.0,20.0,,,,SIG_0.010_delta=20_f=6_mode=all2one_poison_seed=2333_arch=vgg19_bn_mnistm,SIG_0.010_delta=20_f=6_poison_seed=2333_arch=vgg19_bn_mnistm,0.5939431486880467,0.75684375,-0.16290060131195339,0.33789460049823483,0.5665253196693221,-0.22863071917108724,0.784897,0.000838,0.784059,0.9575656058068118,0.0013958682300390843,0.9561697375767727,2.5059587955474854,3.2856080532073975,-0.7796492576599121,,,,,,
mnistm|vgg|sig|0.01||all-to-one|6.0|28.0|||#1,mnistm,vgg,sig,0.01,,all-to-one,6.0,28.0,,,,SIG_0.010_delta=28_f=6_mode=all2one_poison_seed=2333_arch=vgg19_bn_mnistm,SIG_0.010_delta=28_f=6_poison_seed=2333_arch=vgg19_bn_mnistm,0.5444357928407131,0.7039756944444444,-0.15953990160373133,0.3562710924278507,0.5202432240868465,-0.16397213165899582,0.845896,0.000419,0.845477,0.9709659408151871,0.001256281407035176,0.9697096594081519,2.883467674255371,4.0729217529296875,-1.1894540786743164,,,,,,
mnistm|vgg|sig|0.01||all-to-one|6.0|36.0|||#1,mnistm,vgg,sig,0.01,,all-to-one,6.0,36.0,,,,SIG_0.010_delta=36_f=6_mode=all2one_poison_seed=2333_arch=vgg19_bn_mnistm,SIG_0.010_delta=36_f=6_poison_seed=2333_arch=vgg19_bn_mnistm,0.5373085072402044,0.77021875,-0.23291024275979555,0.34168225448584133,0.5526511248888465,-0.21096887040300516,0.967755,0.001117,0.966638,0.983249581239531,0.001954215522054718,0.9812953657174762,1.8543561697006226,3.2976903915405273,-1.4433342218399048,,,,,,
mnistm|vgg|sig|0.01||all-to-one|6.0|44.0|||#1,mnistm,vgg,sig,0.01,,all-to-one,6.0,44.0,,,,SIG_0.010_delta=44_f=6_mode=all2one_poison_seed=2333_arch=vgg19_bn_mnistm,SIG_0.010_delta=44_f=6_poison_seed=2333_arch=vgg19_bn_mnistm,0.5521254401408451,0.7770312500000001,-0.22490580985915498,0.30069539601323214,0.5629578571867858,-0.2622624611735537,0.992881,0.001117,0.991764,0.9910664433277498,0.0034896705750977106,0.9875767727526521,3.6959481239318848,2.195894956588745,1.5000531673431396,,,,,,
mnistm|vgg|sig|0.01||all-to-one|6.0|56.0|||#1,mnistm,vgg,sig,0.01,,all-to-one,6.0,56.0,,,,SIG_0.010_delta=56_f=6_mode=all2one_poison_seed=2333_arch=vgg19_bn_mnistm,SIG_0.010_delta=56_f=6_poison_seed=2333_arch=vgg19_bn_mnistm,0.3811205707626525,0.788886994949495,-0.4077664241868425,0.29260100581091664,0.5930265951793674,-0.30042558936845076,0.99651,0.001535,0.994975,0.9956728084868789,0.013819095477386936,0.981853713009492,1.7753326892852783,2.098745107650757,-0.3234124183654785,,,,,,
mnistm|vgg|sig|0.05||all-to-one|6.0|4.0|||#1,mnistm,vgg,sig,0.05,,all-to-one,6.0,4.0,,,,SIG_0.050_delta=4_f=6_mode=all2one_poison_seed=2333_arch=vgg19_bn_mnistm,SIG_0.050_delta=4_f=6_poison_seed=2333_arch=vgg19_bn_mnistm,0.6006174862605909,0.7055069444444444,-0.10488945818385353,0.5385635933669285,0.55054753288051,-0.011983939513581454,0.620743,0.000698,0.6200450000000001,0.6095756560580681,0.001256281407035176,0.6083193746510329,1.1853629350662231,1.8964020013809204,-0.7110390663146973,,,,,,
mnistm|vgg|sig|0.05||all-to-one|6.0|12.0|||#1,mnistm,vgg,sig,0.05,,all-to-one,6.0,12.0,,,,SIG_0.050_delta=12_f=6_mode=all2one_poison_seed=2333_arch=vgg19_bn_mnistm,SIG_0.050_delta=12_f=6_poison_seed=2333_arch=vgg19_bn_mnistm,0.48887330599144074,0.7485852272727272,-0.2597119212812865,0.3018004804235759,0.5546596547746905,-0.2528591743511146,0.959939,0.000838,0.959101,0.9785036292573981,0.0015354550530429928,0.9769681742043551,1.081998348236084,1.9176485538482666,-0.8356502056121826,,,,,,
mnistm|vgg|sig|0.05||all-to-one|6.0|20.0|||#1,mnistm,vgg,sig,0.05,,all-to-one,6.0,20.0,,,,SIG_0.050_delta=20_f=6_mode=all2one_poison_seed=2333_arch=vgg19_bn_mnistm,SIG_0.050_delta=20_f=6_poison_seed=2333_arch=vgg19_bn_mnistm,0.4376911280145821,0.792969246031746,-0.3552781180171639,0.25023517230948167,0.5833417635269471,-0.33310659121746544,0.972083,0.001117,0.970966,0.9955332216638749,0.008793969849246231,0.9867392518146287,1.7487763166427612,1.007206678390503,0.7415696382522583,,,,,,
mnistm|vgg|sig|0.05||all-to-one|6.0|28.0|||#1,mnistm,vgg,sig,0.05,,all-to-one,6.0,28.0,,,,SIG_0.050_delta=28_f=6_mode=all2one_poison_seed=2333_arch=vgg19_bn_mnistm,SIG_0.050_delta=28_f=6_poison_seed=2333_arch=vgg19_bn_mnistm,0.3849762837554219,0.801875,-0.4168987162445781,0.237467553245309,0.5627523783682475,-0.32528482512293855,0.979062,0.000558,0.978504,0.9976270240089335,0.02666108319374651,0.9709659408151871,2.4025676250457764,2.38651704788208,0.01605057716369629,,,,,,
mnistm|vgg|sig|0.05||all-to-one|6.0|36.0|||#1,mnistm,vgg,sig,0.05,,all-to-one,6.0,36.0,,,,SIG_0.050_delta=36_f=6_mode=all2one_poison_seed=2333_arch=vgg19_bn_mnistm,SIG_0.050_delta=36_f=6_poison_seed=2333_arch=vgg19_bn_mnistm,0.3821265941649197,0.8154866782868526,-0.43336008412193294,0.23253918065819668,0.6017292705087015,-0.36919008985050483,0.991904,0.001954,0.98995,0.9987437185929648,0.07007258514796204,0.9286711334450028,1.9019144773483276,1.250409722328186,0.6515047550201416,,,,,,
mnistm|vgg|sig|0.05||all-to-one|6.0|44.0|||#1,mnistm,vgg,sig,0.05,,all-to-one,6.0,44.0,,,,SIG_0.050_delta=44_f=6_mode=all2one_poison_seed=2333_arch=vgg19_bn_mnistm,SIG_0.050_delta=44_f=6_poison_seed=2333_arch=vgg19_bn_mnistm,0.4191090061461098,0.8080133647798742,-0.3889043586337644,0.2588330658560505,0.5792762901146982,-0.3204432242586477,0.999302,0.003071,0.996231,0.9993020658849805,0.13316582914572864,0.8661362367392519,2.008084535598755,1.6551239490509033,0.35296058654785156,,,,,,
mnistm|vgg|sig|0.05||all-to-one|6.0|56.0|||#1,mnistm,vgg,sig,0.05,,all-to-one,6.0,56.0,,,,SIG_0.050_delta=56_f=6_mode=all2one_poison_seed=2333_arch=vgg19_bn_mnistm,SIG_0.050_delta=56_f=6_poison_seed=2333_arch=vgg19_bn_mnistm,0.37543044354838706,0.8677430655619597,-0.4923126220135726,0.23280003195545906,0.5993587362349291,-0.36655870427947,0.999581,0.001815,0.997766,0.9995812395309883,0.19374651032942491,0.8058347292015634,1.302137851715088,3.1858458518981934,-1.8837080001831055,,,,,,
mnistm|mobilenet|upgd|0.005||all-to-one|||4.0||#1,mnistm,mobilenet,upgd,0.005,,all-to-one,,,4.0,,,upgd_0.005_eps=4.0_constraint=Linf_steps=100_mode=all2one_mult=5_poison_seed=2333_arch=mobilenetv2_mnistm,upgd_0.005_eps=4.0_constraint=Linf_steps=100_mult=5_poison_seed=2333_arch=mobilenetv2_mnistm,0.8188573793467664,0.9066078565830721,-0.08775047723630569,0.5770359972862116,0.6065601639391298,-0.029524166652918238,0.993579,0.005723,0.987856,0.42950865438302627,0.044528196538246786,0.38498045784477947,1.497801423072815,1.7256168127059937,-0.2278153896331787,,,,,,
mnistm|mobilenet|upgd|0.005||all-to-one|||6.0||#1,mnistm,mobilenet,upgd,0.005,,all-to-one,,,6.0,,,upgd_0.005_eps=6.0_constraint=Linf_steps=100_mode=all2one_mult=5_poison_seed=2333_arch=mobilenetv2_mnistm,upgd_0.005_eps=6.0_constraint=Linf_steps=100_mult=5_poison_seed=2333_arch=mobilenetv2_mnistm,0.7071390837684132,0.8865405245746691,-0.17940144080625597,0.4416136202274885,0.6053901876500042,-0.16377656742251567,1.0,0.024567,0.975433,0.7486041317699609,0.07384142936906755,0.6747627024008933,1.7849174737930298,1.5548083782196045,0.2301090955734253,,,,,,
mnistm|mobilenet|upgd|0.005||all-to-one|||8.0||#1,mnistm,mobilenet,upgd,0.005,,all-to-one,,,8.0,,,upgd_0.005_eps=8.0_constraint=Linf_steps=100_mode=all2one_mult=5_poison_seed=2333_arch=mobilenetv2_mnistm,upgd_0.005_eps=8.0_constraint=Linf_steps=100_mult=5_poison_seed=2333_arch=mobilenetv2_mnistm,0.6549111771058316,0.9117247732426303,-0.25681359613679877,0.38596546628401707,0.5682893884038005,-0.18232392211978343,1.0,0.25321,0.7467900000000001,0.8401730876605249,0.24651032942490228,0.5936627582356226,1.7080531120300293,0.9237549304962158,0.7842981815338135,,,,,,
mnistm|mobilenet|upgd|0.005||all-to-one|||10.0||#1,mnistm,mobilenet,upgd,0.005,,all-to-one,,,10.0,,,upgd_0.005_eps=10.0_constraint=Linf_steps=100_mode=all2one_mult=5_poison_seed=2333_arch=mobilenetv2_mnistm,upgd_0.005_eps=10.0_constraint=Linf_steps=100_mult=5_poison_seed=2333_arch=mobilenetv2_mnistm,0.6560191941140592,0.885522758462946,-0.22950356434888686,0.40714644388385557,0.5754861751634004,-0.16833973127954482,1.0,0.864182,0.135818,0.9154103852596315,0.30513679508654384,0.6102735901730876,5.197282314300537,6.445813179016113,-1.2485308647155762,,,,,,
mnistm|mobilenet|upgd|0.005||all-to-one|||12.0||#1,mnistm,mobilenet,upgd,0.005,,all-to-one,,,12.0,,,upgd_0.005_eps=12.0_constraint=Linf_steps=100_mode=all2one_mult=5_poison_seed=2333_arch=mobilenetv2_mnistm,upgd_0.005_eps=12.0_constraint=Linf_steps=100_mult=5_poison_seed=2333_arch=mobilenetv2_mnistm,0.6023731617647059,0.9196304747883696,-0.31725731302366367,0.35145277119389107,0.5123522724149774,-0.16089950122108632,1.0,0.83794,0.16205999999999998,0.8898659966499163,0.3792573981016192,0.5106085985482971,3.4067699909210205,2.474256753921509,0.9325132369995117,,,,,,
mnistm|mobilenet|upgd|0.005||all-to-one|||16.0||#1,mnistm,mobilenet,upgd,0.005,,all-to-one,,,16.0,,,upgd_0.005_eps=16.0_constraint=Linf_steps=100_mode=all2one_mult=5_poison_seed=2333_arch=mobilenetv2_mnistm,upgd_0.005_eps=16.0_constraint=Linf_steps=100_mult=5_poison_seed=2333_arch=mobilenetv2_mnistm,0.6109204838247924,0.8597154284164858,-0.2487949445916935,0.4255569464170029,0.5352702808748037,-0.10971333445780074,1.0,0.996371,0.0036289999999999933,0.9751535455053043,0.6434952540480179,0.3316582914572864,2.142670154571533,2.027247667312622,0.11542248725891113,,,,,,
mnistm|mobilenet|upgd|0.005||all-to-one|||20.0||#1,mnistm,mobilenet,upgd,0.005,,all-to-one,,,20.0,,,upgd_0.005_eps=20.0_constraint=Linf_steps=100_mode=all2one_mult=5_poison_seed=2333_arch=mobilenetv2_mnistm,upgd_0.005_eps=20.0_constraint=Linf_steps=100_mult=5_poison_seed=2333_arch=mobilenetv2_mnistm,0.7298888269402319,0.8707747835670279,-0.14088595662679593,0.43927001172578173,0.6095914536802012,-0.17032144195441945,1.0,0.99986,0.000140000000000029,0.9388609715242882,0.657035175879397,0.2818257956448912,1.0826263427734375,1.7921993732452393,-0.7095730304718018,,,,,,
mnistm|mobilenet|upgd|0.005||all-to-one|||24.0||#1,mnistm,mobilenet,upgd,0.005,,all-to-one,,,24.0,,,upgd_0.005_eps=24.0_constraint=Linf_steps=100_mode=all2one_mult=5_poison_seed=2333_arch=mobilenetv2_mnistm,upgd_0.005_eps=24.0_constraint=Linf_steps=100_mult=5_poison_seed=2333_arch=mobilenetv2_mnistm,0.5637065031963798,0.8631548030407741,-0.29944829984439425,0.47284979790569115,0.4340505495069862,0.038799248398704966,1.0,1.0,0.0,0.9716638749302066,0.807928531546622,0.16373534338358453,2.2387373447418213,4.574828624725342,-2.3360912799835205,,,,,,
mnistm|mobilenet|upgd|0.01||all-to-one|||4.0||#1,mnistm,mobilenet,upgd,0.01,,all-to-one,,,4.0,,,upgd_0.010_eps=4.0_constraint=Linf_steps=100_mode=all2one_mult=5_poison_seed=2333_arch=mobilenetv2_mnistm,upgd_0.010_eps=4.0_constraint=Linf_steps=100_mult=5_poison_seed=2333_arch=mobilenetv2_mnistm,0.6088416091997575,0.9239270833333333,-0.3150854741335758,0.35480923909437867,0.5699616364061805,-0.2151523973118018,1.0,0.01019,0.98981,0.9209938581797878,0.052345058626465664,0.8686487995533222,3.8871850967407227,1.6078890562057495,2.279296040534973,,,,,,
mnistm|mobilenet|upgd|0.01||all-to-one|||6.0||#1,mnistm,mobilenet,upgd,0.01,,all-to-one,,,6.0,,,upgd_0.010_eps=6.0_constraint=Linf_steps=100_mode=all2one_mult=5_poison_seed=2333_arch=mobilenetv2_mnistm,upgd_0.010_eps=6.0_constraint=Linf_steps=100_mult=5_poison_seed=2333_arch=mobilenetv2_mnistm,0.7794691771484659,0.8952821088794926,-0.11581293173102669,0.41692368489564846,0.5677764777378476,-0.1508527928421991,1.0,0.099805,0.900195,0.9599385817978783,0.13204913456169737,0.8278894472361809,15.800725936889648,1.7832452058792114,14.017480731010437,,,,,,
mnistm|mobilenet|upgd|0.01||all-to-one|||8.0||#1,mnistm,mobilenet,upgd,0.01,,all-to-one,,,8.0,,,upgd_0.010_eps=8.0_constraint=Linf_steps=100_mode=all2one_mult=5_poison_seed=2333_arch=mobilenetv2_mnistm,upgd_0.010_eps=8.0_constraint=Linf_steps=100_mult=5_poison_seed=2333_arch=mobilenetv2_mnistm,0.5532216533906669,0.916416443338438,-0.3631947899477711,0.3357986730687872,0.5947938910063721,-0.25899521793758495,1.0,0.235623,0.764377,0.9900893355667225,0.1823003908431044,0.8077889447236182,6.305770397186279,3.2240121364593506,3.0817582607269287,,,,,,
mnistm|mobilenet|upgd|0.01||all-to-one|||10.0||#1,mnistm,mobilenet,upgd,0.01,,all-to-one,,,10.0,,,upgd_0.010_eps=10.0_constraint=Linf_steps=100_mode=all2one_mult=5_poison_seed=2333_arch=mobilenetv2_mnistm,upgd_0.010_eps=10.0_constraint=Linf_steps=100_mult=5_poison_seed=2333_arch=mobilenetv2_mnistm,0.49661266330587905,0.8822086755646817,-0.3855960122588027,0.3084827437843841,0.5515284599192508,-0.2430457161348667,1.0,0.779453,0.22054700000000005,0.9829704075935232,0.27177554438860974,0.7111948632049134,2.5124552249908447,2.014503002166748,0.4979522228240967,,,,,,
mnistm|mobilenet|upgd|0.01||all-to-one|||12.0||#1,mnistm,mobilenet,upgd,0.01,,all-to-one,,,12.0,,,upgd_0.010_eps=12.0_constraint=Linf_steps=100_mode=all2one_mult=5_poison_seed=2333_arch=mobilenetv2_mnistm,upgd_0.010_eps=12.0_constraint=Linf_steps=100_mult=5_poison_seed=2333_arch=mobilenetv2_mnistm,0.8490256294964029,0.9272794802533532,-0.07825385075695024,0.40950763658273315,0.5763746243736806,-0.16686698779094744,1.0,0.701843,0.298157,0.9701284198771636,0.37465103294249025,0.5954773869346733,5.113071918487549,2.188091278076172,2.924980640411377,,,,,,
mnistm|mobilenet|upgd|0.01||all-to-one|||16.0||#1,mnistm,mobilenet,upgd,0.01,,all-to-one,,,16.0,,,upgd_0.010_eps=16.0_constraint=Linf_steps=100_mode=all2one_mult=5_poison_seed=2333_arch=mobilenetv2_mnistm,upgd_0.010_eps=16.0_constraint=Linf_steps=100_mult=5_poison_seed=2333_arch=mobilenetv2_mnistm,0.537511620966575,0.7932920081967213,-0.2557803872301463,0.36443558319453995,0.5367736686915757,-0.17233808549703578,1.0,0.981016,0.018984,0.9646845337800112,0.5449469570072585,0.4197375767727527,1.363755226135254,1.1048794984817505,0.2588757276535034,,,,,,
mnistm|mobilenet|upgd|0.01||all-to-one|||20.0||#1,mnistm,mobilenet,upgd,0.01,,all-to-one,,,20.0,,,upgd_0.010_eps=20.0_constraint=Linf_steps=100_mode=all2one_mult=5_poison_seed=2333_arch=mobilenetv2_mnistm,upgd_0.010_eps=20.0_constraint=Linf_steps=100_mult=5_poison_seed=2333_arch=mobilenetv2_mnistm,0.5436515957446808,0.8561546049249436,-0.31250300918026275,0.2944364903959418,0.5083232249192591,-0.2138867345233173,1.0,1.0,0.0,0.9840871021775545,0.6788107202680067,0.30527638190954776,2.2651562690734863,3.615316867828369,-1.3501605987548828,,,,,,
mnistm|mobilenet|upgd|0.01||all-to-one|||24.0||#1,mnistm,mobilenet,upgd,0.01,,all-to-one,,,24.0,,,upgd_0.010_eps=24.0_constraint=Linf_steps=100_mode=all2one_mult=5_poison_seed=2333_arch=mobilenetv2_mnistm,upgd_0.010_eps=24.0_constraint=Linf_steps=100_mult=5_poison_seed=2333_arch=mobilenetv2_mnistm,0.6408453952087219,0.8631690533547466,-0.22232365814602473,0.36710535531013266,0.5307828785697489,-0.16367752325961626,1.0,1.0,0.0,0.9730597431602457,0.7822445561139029,0.19081518704634282,2.3945860862731934,3.2081234455108643,-0.8135373592376709,,,,,,
mnistm|mobilenet|upgd|0.05||all-to-one|||4.0||#1,mnistm,mobilenet,upgd,0.05,,all-to-one,,,4.0,,,upgd_0.050_eps=4.0_constraint=Linf_steps=100_mode=all2one_mult=5_poison_seed=2333_arch=mobilenetv2_mnistm,upgd_0.050_eps=4.0_constraint=Linf_steps=100_mult=5_poison_seed=2333_arch=mobilenetv2_mnistm,0.7370955007002802,0.9393031655844156,-0.20220766488413544,0.3753126932882027,0.5753275552946608,-0.20001486200645813,1.0,0.042714,0.957286,0.9966499162479062,0.10748185371300949,0.8891680625348968,15.474928855895996,4.201369285583496,11.2735595703125,,,,,,
mnistm|mobilenet|upgd|0.05||all-to-one|||6.0||#1,mnistm,mobilenet,upgd,0.05,,all-to-one,,,6.0,,,upgd_0.050_eps=6.0_constraint=Linf_steps=100_mode=all2one_mult=5_poison_seed=2333_arch=mobilenetv2_mnistm,upgd_0.050_eps=6.0_constraint=Linf_steps=100_mult=5_poison_seed=2333_arch=mobilenetv2_mnistm,0.5119183298319328,0.8989313872255489,-0.38701305739361613,0.3071646107647239,0.5790659409504404,-0.2719013301857165,1.0,0.274567,0.725433,0.9966499162479062,0.14000558347292016,0.8566443327749861,16.40886878967285,1.6722391843795776,14.736629605293274,,,,,,
mnistm|mobilenet|upgd|0.05||all-to-one|||8.0||#1,mnistm,mobilenet,upgd,0.05,,all-to-one,,,8.0,,,upgd_0.050_eps=8.0_constraint=Linf_steps=100_mode=all2one_mult=5_poison_seed=2333_arch=mobilenetv2_mnistm,upgd_0.050_eps=8.0_constraint=Linf_steps=100_mult=5_poison_seed=2333_arch=mobilenetv2_mnistm,0.4981355303666387,0.9366450167973124,-0.43850948643067367,0.3113200609156278,0.5666887107708704,-0.25536864985524255,1.0,0.479481,0.520519,0.9974874371859297,0.24930206588498047,0.7481853713009492,2.1208865642547607,1.5765012502670288,0.5443853139877319,,,,,,
mnistm|mobilenet|upgd|0.05||all-to-one|||10.0||#1,mnistm,mobilenet,upgd,0.05,,all-to-one,,,10.0,,,upgd_0.050_eps=10.0_constraint=Linf_steps=100_mode=all2one_mult=5_poison_seed=2333_arch=mobilenetv2_mnistm,upgd_0.050_eps=10.0_constraint=Linf_steps=100_mult=5_poison_seed=2333_arch=mobilenetv2_mnistm,0.5236657806379407,0.8846576141324118,-0.36099183349447117,0.28480992417848205,0.5563660179564727,-0.2715560937779906,1.0,0.961195,0.03880499999999998,0.9977666108319375,0.38372417643774426,0.6140424343941933,2.635953903198242,2.2927913665771484,0.34316253662109375,,,,,,
mnistm|mobilenet|upgd|0.05||all-to-one|||12.0||#1,mnistm,mobilenet,upgd,0.05,,all-to-one,,,12.0,,,upgd_0.050_eps=12.0_constraint=Linf_steps=100_mode=all2one_mult=5_poison_seed=2333_arch=mobilenetv2_mnistm,upgd_0.050_eps=12.0_constraint=Linf_steps=100_mult=5_poison_seed=2333_arch=mobilenetv2_mnistm,0.6399788633818589,0.9211997404391993,-0.28122087705734033,0.30334260499548604,0.6030382268394843,-0.29969562184399823,1.0,0.934673,0.06532700000000002,0.9972082635399219,0.46719709659408154,0.5300111669458403,3.6115965843200684,2.570701837539673,1.0408947467803955,,,,,,
mnistm|mobilenet|upgd|0.05||all-to-one|||16.0||#1,mnistm,mobilenet,upgd,0.05,,all-to-one,,,16.0,,,upgd_0.050_eps=16.0_constraint=Linf_steps=100_mode=all2one_mult=5_poison_seed=2333_arch=mobilenetv2_mnistm,upgd_0.050_eps=16.0_constraint=Linf_steps=100_mult=5_poison_seed=2333_arch=mobilenetv2_mnistm,0.7131832114686585,0.8680927359094791,-0.15490952444082062,0.3858752613087174,0.43639995602717263,-0.05052469471845522,1.0,1.0,0.0,0.9998604131769961,0.653824678950307,0.3460357342266891,3.307899236679077,2.742960214614868,0.564939022064209,,,,,,
mnistm|mobilenet|upgd|0.05||all-to-one|||20.0||#1,mnistm,mobilenet,upgd,0.05,,all-to-one,,,20.0,,,upgd_0.050_eps=20.0_constraint=Linf_steps=100_mode=all2one_mult=5_poison_seed=2333_arch=mobilenetv2_mnistm,upgd_0.050_eps=20.0_constraint=Linf_steps=100_mult=5_poison_seed=2333_arch=mobilenetv2_mnistm,0.6175670372050817,0.8355316076196834,-0.2179645704146017,0.3183607364782577,0.41826881209524625,-0.09990807561698856,1.0,0.994835,0.005164999999999975,0.9998604131769961,0.7318537130094919,0.2680067001675043,5.473546504974365,1.4644466638565063,4.009099841117859,,,,,,
mnistm|mobilenet|upgd|0.05||all-to-one|||24.0||#1,mnistm,mobilenet,upgd,0.05,,all-to-one,,,24.0,,,upgd_0.050_eps=24.0_constraint=Linf_steps=100_mode=all2one_mult=5_poison_seed=2333_arch=mobilenetv2_mnistm,upgd_0.050_eps=24.0_constraint=Linf_steps=100_mult=5_poison_seed=2333_arch=mobilenetv2_mnistm,0.45393482566662013,0.854116535622593,-0.4001817099559729,0.27206118541787583,0.43910216853292594,-0.1670409831150501,1.0,1.0,0.0,0.9998604131769961,0.8699050809603573,0.1299553322166388,3.024029493331909,2.8625168800354004,0.1615126132965088,,,,,,
mnistm|resnet18|upgd|0.005||all-to-one|||4.0||#1,mnistm,resnet18,upgd,0.005,,all-to-one,,,4.0,,,upgd_0.005_eps=4.0_constraint=Linf_steps=100_mode=all2one_mult=5_poison_seed=2333_arch=ResNet18_mnistm,upgd_0.005_eps=4.0_constraint=Linf_steps=100_mult=5_poison_seed=2333_arch=ResNet18_mnistm,0.6040380406461698,0.8368655690537085,-0.23282752840753862,0.37286315205103504,0.6285666665289107,-0.25570351447787565,0.993998,0.001815,0.992183,0.8036013400335008,0.054578447794528195,0.7490228922389726,1.5466469526290894,2.161712884902954,-0.6150659322738647,,,,,,
mnistm|resnet18|upgd|0.005||all-to-one|||6.0||#1,mnistm,resnet18,upgd,0.005,,all-to-one,,,6.0,,,upgd_0.005_eps=6.0_constraint=Linf_steps=100_mode=all2one_mult=5_poison_seed=2333_arch=ResNet18_mnistm,upgd_0.005_eps=6.0_constraint=Linf_steps=100_mult=5_poison_seed=2333_arch=ResNet18_mnistm,0.5227644174473067,0.8863946935157041,-0.3636302760683974,0.3685264614913246,0.605125730229876,-0.23659926873855142,0.999023,0.004467,0.994556,0.8940536013400335,0.13777219430485763,0.7562814070351759,1.517218828201294,1.4295378923416138,0.08768093585968018,,,,,,
mnistm|resnet18|upgd|0.005||all-to-one|||8.0||#1,mnistm,resnet18,upgd,0.005,,all-to-one,,,8.0,,,upgd_0.005_eps=8.0_constraint=Linf_steps=100_mode=all2one_mult=5_poison_seed=2333_arch=ResNet18_mnistm,upgd_0.005_eps=8.0_constraint=Linf_steps=100_mult=5_poison_seed=2333_arch=ResNet18_mnistm,0.7246926871280928,0.8804654683770883,-0.15577278124899552,0.43944767805319307,0.6427960673749485,-0.20334838932175547,0.997627,0.003629,0.993998,0.8914014517029593,0.11697375767727526,0.774427694025684,1.8087201118469238,1.5428811311721802,0.26583898067474365,,,,,,
mnistm|resnet18|upgd|0.005||all-to-one|||10.0||#1,mnistm,resnet18,upgd,0.005,,all-to-one,,,10.0,,,upgd_0.005_eps=10.0_constraint=Linf_steps=100_mode=all2one_mult=5_poison_seed=2333_arch=ResNet18_mnistm,upgd_0.005_eps=10.0_constraint=Linf_steps=100_mult=5_poison_seed=2333_arch=ResNet18_mnistm,0.5702798344296607,0.90034985551827,-0.3300700210886093,0.3641992307689895,0.5781537319237029,-0.21395450115471337,0.99986,0.034897,0.964963,0.9336962590731435,0.3743718592964824,0.559324399776661,3.8398854732513428,2.867215633392334,0.9726698398590088,,,,,,
mnistm|resnet18|upgd|0.005||all-to-one|||12.0||#1,mnistm,resnet18,upgd,0.005,,all-to-one,,,12.0,,,upgd_0.005_eps=12.0_constraint=Linf_steps=100_mode=all2one_mult=5_poison_seed=2333_arch=ResNet18_mnistm,upgd_0.005_eps=12.0_constraint=Linf_steps=100_mult=5_poison_seed=2333_arch=ResNet18_mnistm,0.49517346504221593,0.9347511670124481,-0.43957770197023216,0.3303161037336815,0.6373421661296912,-0.3070260623960097,1.0,0.014098,0.9859020000000001,0.9423506420993858,0.26912339475153546,0.6732272473478503,1.2756752967834473,2.3160269260406494,-1.0403516292572021,,,,,,
mnistm|resnet18|upgd|0.005||all-to-one|||16.0||#1,mnistm,resnet18,upgd,0.005,,all-to-one,,,16.0,,,upgd_0.005_eps=16.0_constraint=Linf_steps=100_mode=all2one_mult=5_poison_seed=2333_arch=ResNet18_mnistm,upgd_0.005_eps=16.0_constraint=Linf_steps=100_mult=5_poison_seed=2333_arch=ResNet18_mnistm,0.6459812553980135,0.7119542757774141,-0.06597302037940056,0.3731826557333737,0.5953916628365867,-0.222209007103213,1.0,0.429648,0.570352,0.9697096594081519,0.6823003908431045,0.28740926856504745,1.78553307056427,1.5787396430969238,0.2067934274673462,,,,,,
mnistm|resnet18|upgd|0.005||all-to-one|||20.0||#1,mnistm,resnet18,upgd,0.005,,all-to-one,,,20.0,,,upgd_0.005_eps=20.0_constraint=Linf_steps=100_mode=all2one_mult=5_poison_seed=2333_arch=ResNet18_mnistm,upgd_0.005_eps=20.0_constraint=Linf_steps=100_mult=5_poison_seed=2333_arch=ResNet18_mnistm,0.6278909437865602,0.7868068505876253,-0.15891590680106515,0.3980132702268293,0.5709282070117799,-0.17291493678495062,1.0,0.796064,0.203936,0.9783640424343942,0.8076493579006142,0.17071468453378003,2.687937021255493,2.3397464752197266,0.3481905460357666,,,,,,
mnistm|resnet18|upgd|0.005||all-to-one|||24.0||#1,mnistm,resnet18,upgd,0.005,,all-to-one,,,24.0,,,upgd_0.005_eps=24.0_constraint=Linf_steps=100_mode=all2one_mult=5_poison_seed=2333_arch=ResNet18_mnistm,upgd_0.005_eps=24.0_constraint=Linf_steps=100_mult=5_poison_seed=2333_arch=ResNet18_mnistm,0.587279140613898,0.7145380180741664,-0.12725887746026843,0.39085419926713927,0.5191807260312278,-0.1283265267640885,1.0,0.999162,0.0008380000000000054,0.9822724734785037,0.8958682300390843,0.08640424343941933,2.7914013862609863,2.112757921218872,0.6786434650421143,,,,,,
mnistm|resnet18|upgd|0.01||all-to-one|||4.0||#1,mnistm,resnet18,upgd,0.01,,all-to-one,,,4.0,,,upgd_0.010_eps=4.0_constraint=Linf_steps=100_mode=all2one_mult=5_poison_seed=2333_arch=ResNet18_mnistm,upgd_0.010_eps=4.0_constraint=Linf_steps=100_mult=5_poison_seed=2333_arch=ResNet18_mnistm,0.5323547132683658,0.667954828886311,-0.13560011561794516,0.3303065196923196,0.6041604812901105,-0.27385396159779085,1.0,0.001535,0.998465,0.9310441094360692,0.060161920714684534,0.8708821887213847,1.7102351188659668,1.8468011617660522,-0.13656604290008545,,,,,,
mnistm|resnet18|upgd|0.01||all-to-one|||6.0||#1,mnistm,resnet18,upgd,0.01,,all-to-one,,,6.0,,,upgd_0.010_eps=6.0_constraint=Linf_steps=100_mode=all2one_mult=5_poison_seed=2333_arch=ResNet18_mnistm,upgd_0.010_eps=6.0_constraint=Linf_steps=100_mult=5_poison_seed=2333_arch=ResNet18_mnistm,0.459344481180061,0.8772951272954925,-0.41795064611543153,0.3032839121440336,0.6121037827579794,-0.3088198706139458,1.0,0.005583,0.994417,0.9604969290898939,0.1672250139586823,0.7932719151312116,1.3082573413848877,1.7111103534698486,-0.40285301208496094,,,,,,
mnistm|resnet18|upgd|0.01||all-to-one|||8.0||#1,mnistm,resnet18,upgd,0.01,,all-to-one,,,8.0,,,upgd_0.010_eps=8.0_constraint=Linf_steps=100_mode=all2one_mult=5_poison_seed=2333_arch=ResNet18_mnistm,upgd_0.010_eps=8.0_constraint=Linf_steps=100_mult=5_poison_seed=2333_arch=ResNet18_mnistm,0.47153647041763347,0.8658041930379747,-0.39426772262034127,0.3006078418479273,0.5881783041091939,-0.2875704622612666,1.0,0.004048,0.995952,0.9625907314349526,0.14335566722501397,0.8192350642099386,2.564171075820923,2.0964343547821045,0.46773672103881836,,,,,,
mnistm|resnet18|upgd|0.01||all-to-one|||10.0||#1,mnistm,resnet18,upgd,0.01,,all-to-one,,,10.0,,,upgd_0.010_eps=10.0_constraint=Linf_steps=100_mode=all2one_mult=5_poison_seed=2333_arch=ResNet18_mnistm,upgd_0.010_eps=10.0_constraint=Linf_steps=100_mult=5_poison_seed=2333_arch=ResNet18_mnistm,0.5041293730204435,0.885543543930311,-0.3814141709098675,0.3296814089052147,0.5827566929709609,-0.2530752840657462,1.0,0.04732,0.95268,0.9695700725851479,0.3725572305974316,0.5970128419877163,1.7242355346679688,5.915661811828613,-4.1914262771606445,,,,,,
mnistm|resnet18|upgd|0.01||all-to-one|||12.0||#1,mnistm,resnet18,upgd,0.01,,all-to-one,,,12.0,,,upgd_0.010_eps=12.0_constraint=Linf_steps=100_mode=all2one_mult=5_poison_seed=2333_arch=ResNet18_mnistm,upgd_0.010_eps=12.0_constraint=Linf_steps=100_mult=5_poison_seed=2333_arch=ResNet18_mnistm,0.5035056984506641,0.8672859071274298,-0.36378020867676575,0.31194608653439904,0.619105885192949,-0.3071597986585499,1.0,0.01689,0.98311,0.9775265214963708,0.323143495254048,0.6543830262423227,2.7453453540802,2.174241304397583,0.5711040496826172,,,,,,
mnistm|resnet18|upgd|0.01||all-to-one|||16.0||#1,mnistm,resnet18,upgd,0.01,,all-to-one,,,16.0,,,upgd_0.010_eps=16.0_constraint=Linf_steps=100_mode=all2one_mult=5_poison_seed=2333_arch=ResNet18_mnistm,upgd_0.010_eps=16.0_constraint=Linf_steps=100_mult=5_poison_seed=2333_arch=ResNet18_mnistm,0.5732267200369213,0.909014547952048,-0.3357878279151266,0.33774194864007445,0.5828148302555072,-0.24507288161543272,1.0,0.497069,0.502931,0.9829704075935232,0.6986320491345617,0.2843383584589615,1.6751984357833862,2.646693706512451,-0.9714952707290649,,,,,,
mnistm|resnet18|upgd|0.01||all-to-one|||20.0||#1,mnistm,resnet18,upgd,0.01,,all-to-one,,,20.0,,,upgd_0.010_eps=20.0_constraint=Linf_steps=100_mode=all2one_mult=5_poison_seed=2333_arch=ResNet18_mnistm,upgd_0.010_eps=20.0_constraint=Linf_steps=100_mult=5_poison_seed=2333_arch=ResNet18_mnistm,0.4040654434574168,0.7461401953386988,-0.342074751881282,0.30538370289763916,0.6272780109554171,-0.32189430805777797,1.0,0.998325,0.001674999999999982,0.9899497487437185,0.8324958123953099,0.15745393634840865,1.2321244478225708,1.6482757329940796,-0.4161512851715088,,,,,,
mnistm|resnet18|upgd|0.01||all-to-one|||24.0||#1,mnistm,resnet18,upgd,0.01,,all-to-one,,,24.0,,,upgd_0.010_eps=24.0_constraint=Linf_steps=100_mode=all2one_mult=5_poison_seed=2333_arch=ResNet18_mnistm,upgd_0.010_eps=24.0_constraint=Linf_steps=100_mult=5_poison_seed=2333_arch=ResNet18_mnistm,0.6120335009848059,0.7800117930811387,-0.16797829209633275,0.3585841691057542,0.517444296178178,-0.1588601270724238,1.0,0.999442,0.0005579999999999474,0.9921831379117811,0.9169458403126745,0.07523729759910669,2.424919605255127,1.9953944683074951,0.42952513694763184,,,,,,
mnistm|resnet18|upgd|0.05||all-to-one|||4.0||#1,mnistm,resnet18,upgd,0.05,,all-to-one,,,4.0,,,upgd_0.050_eps=4.0_constraint=Linf_steps=100_mode=all2one_mult=5_poison_seed=2333_arch=ResNet18_mnistm,upgd_0.050_eps=4.0_constraint=Linf_steps=100_mult=5_poison_seed=2333_arch=ResNet18_mnistm,0.43025902408754013,0.894712704359673,-0.46445368027213285,0.27134146562691963,0.5915899105834713,-0.3202484449565517,1.0,0.005304,0.994696,0.9981853713009492,0.10245672808486879,0.8957286432160804,1.8496606349945068,1.3181085586547852,0.5315520763397217,,,,,,
mnistm|resnet18|upgd|0.05||all-to-one|||6.0||#1,mnistm,resnet18,upgd,0.05,,all-to-one,,,6.0,,,upgd_0.050_eps=6.0_constraint=Linf_steps=100_mode=all2one_mult=5_poison_seed=2333_arch=ResNet18_mnistm,upgd_0.050_eps=6.0_constraint=Linf_steps=100_mult=5_poison_seed=2333_arch=ResNet18_mnistm,0.38777498602180593,0.8685898876404494,-0.4808149016186435,0.24654557340715755,0.5816400509844064,-0.33509447757724886,1.0,0.022194,0.977806,0.9986041317699609,0.248464544946957,0.7501395868230039,2.2990949153900146,2.7159361839294434,-0.4168412685394287,,,,,,
mnistm|resnet18|upgd|0.05||all-to-one|||8.0||#1,mnistm,resnet18,upgd,0.05,,all-to-one,,,8.0,,,upgd_0.050_eps=8.0_constraint=Linf_steps=100_mode=all2one_mult=5_poison_seed=2333_arch=ResNet18_mnistm,upgd_0.050_eps=8.0_constraint=Linf_steps=100_mult=5_poison_seed=2333_arch=ResNet18_mnistm,0.3624787011173184,0.8627820945945945,-0.5003033934772761,0.23332045156774228,0.6204336005291594,-0.38711314896141713,1.0,0.023311,0.976689,0.9994416527079844,0.2582356225572306,0.7412060301507537,1.8521525859832764,3.411410331726074,-1.5592577457427979,,,,,,
mnistm|resnet18|upgd|0.05||all-to-one|||10.0||#1,mnistm,resnet18,upgd,0.05,,all-to-one,,,10.0,,,upgd_0.050_eps=10.0_constraint=Linf_steps=100_mode=all2one_mult=5_poison_seed=2333_arch=ResNet18_mnistm,upgd_0.050_eps=10.0_constraint=Linf_steps=100_mult=5_poison_seed=2333_arch=ResNet18_mnistm,0.4335537709497207,0.8490013277693476,-0.41544755681962686,0.3072961293412101,0.60350432660693,-0.2962081972657199,1.0,0.073981,0.926019,0.9994416527079844,0.4599385817978783,0.5395030709101061,1.4910547733306885,2.4581997394561768,-0.9671449661254883,,,,,,
mnistm|resnet18|upgd|0.05||all-to-one|||12.0||#1,mnistm,resnet18,upgd,0.05,,all-to-one,,,12.0,,,upgd_0.050_eps=12.0_constraint=Linf_steps=100_mode=all2one_mult=5_poison_seed=2333_arch=ResNet18_mnistm,upgd_0.050_eps=12.0_constraint=Linf_steps=100_mult=5_poison_seed=2333_arch=ResNet18_mnistm,0.39837096605196975,0.922909223358706,-0.5245382573067362,0.26662668806755374,0.6360300295699856,-0.3694033415024318,1.0,0.293691,0.7063090000000001,0.9991624790619765,0.586823003908431,0.4123394751535455,3.307847261428833,2.08447265625,1.223374605178833,,,,,,
mnistm|resnet18|upgd|0.05||all-to-one|||16.0||#1,mnistm,resnet18,upgd,0.05,,all-to-one,,,16.0,,,upgd_0.050_eps=16.0_constraint=Linf_steps=100_mode=all2one_mult=5_poison_seed=2333_arch=ResNet18_mnistm,upgd_0.050_eps=16.0_constraint=Linf_steps=100_mult=5_poison_seed=2333_arch=ResNet18_mnistm,0.3461110112398771,0.7839332266997708,-0.43782221545989375,0.2161229172411535,0.6119826084967162,-0.39585969125556264,1.0,0.806114,0.193886,0.9997208263539922,0.7308766052484645,0.26884422110552764,4.511998176574707,1.5675982236862183,2.9443999528884888,,,,,,
mnistm|resnet18|upgd|0.05||all-to-one|||20.0||#1,mnistm,resnet18,upgd,0.05,,all-to-one,,,20.0,,,upgd_0.050_eps=20.0_constraint=Linf_steps=100_mode=all2one_mult=5_poison_seed=2333_arch=ResNet18_mnistm,upgd_0.050_eps=20.0_constraint=Linf_steps=100_mult=5_poison_seed=2333_arch=ResNet18_mnistm,0.5307120672808486,0.8524400710472602,-0.32172800376641153,0.31292759868311704,0.6392288821709895,-0.32630128348787246,1.0,0.998465,0.001534999999999953,1.0,0.8890284757118928,0.11097152428810719,2.515446662902832,1.3900917768478394,1.1253548860549927,,,,,,
mnistm|resnet18|upgd|0.05||all-to-one|||24.0||#1,mnistm,resnet18,upgd,0.05,,all-to-one,,,24.0,,,upgd_0.050_eps=24.0_constraint=Linf_steps=100_mode=all2one_mult=5_poison_seed=2333_arch=ResNet18_mnistm,upgd_0.050_eps=24.0_constraint=Linf_steps=100_mult=5_poison_seed=2333_arch=ResNet18_mnistm,0.3940560092127303,0.8446953702307345,-0.45063936101800417,0.3437086467351116,0.5467190515367626,-0.203010404801651,1.0,0.99665,0.003349999999999964,1.0,0.9256002233389168,0.07439977666108322,1.20603346824646,1.668587327003479,-0.46255385875701904,,,,,,
mnistm|vgg|upgd|0.005||all-to-one|||4.0||#1,mnistm,vgg,upgd,0.005,,all-to-one,,,4.0,,,upgd_0.005_eps=4.0_constraint=Linf_steps=100_mode=all2one_mult=5_poison_seed=2333_arch=vgg19_bn_mnistm,upgd_0.005_eps=4.0_constraint=Linf_steps=100_mult=5_poison_seed=2333_arch=vgg19_bn_mnistm,0.720862592570473,0.77853125,-0.05766865742952698,0.47929096816753347,0.563335675998264,-0.08404470783073048,0.804578,0.000698,0.80388,0.5843104410943607,0.006979341150195421,0.5773310999441653,1.0811707973480225,3.216590166091919,-2.1354193687438965,,,,,,
mnistm|vgg|upgd|0.005||all-to-one|||6.0||#1,mnistm,vgg,upgd,0.005,,all-to-one,,,6.0,,,upgd_0.005_eps=6.0_constraint=Linf_steps=100_mode=all2one_mult=5_poison_seed=2333_arch=vgg19_bn_mnistm,upgd_0.005_eps=6.0_constraint=Linf_steps=100_mult=5_poison_seed=2333_arch=vgg19_bn_mnistm,0.6539404247321932,0.744206588189386,-0.09026616345719285,0.44814746438575126,0.5659187335937309,-0.11777126920797965,0.916527,0.006142,0.910385,0.7427414852037968,0.134142936906756,0.6085985482970409,2.299450159072876,1.1463878154754639,1.153062343597412,,,,,,
mnistm|vgg|upgd|0.005||all-to-one|||8.0||#1,mnistm,vgg,upgd,0.005,,all-to-one,,,8.0,,,upgd_0.005_eps=8.0_constraint=Linf_steps=100_mode=all2one_mult=5_poison_seed=2333_arch=vgg19_bn_mnistm,upgd_0.005_eps=8.0_constraint=Linf_steps=100_mult=5_poison_seed=2333_arch=vgg19_bn_mnistm,0.6258443268895855,0.7774208910579345,-0.15157656416834908,0.4209761535424734,0.5785842923828417,-0.15760813884036828,0.95254,0.00684,0.9457000000000001,0.8015075376884422,0.2216638749302066,0.5798436627582356,1.5968708992004395,2.1117677688598633,-0.5148968696594238,,,,,,
mnistm|vgg|upgd|0.005||all-to-one|||10.0||#1,mnistm,vgg,upgd,0.005,,all-to-one,,,10.0,,,upgd_0.005_eps=10.0_constraint=Linf_steps=100_mode=all2one_mult=5_poison_seed=2333_arch=vgg19_bn_mnistm,upgd_0.005_eps=10.0_constraint=Linf_steps=100_mult=5_poison_seed=2333_arch=vgg19_bn_mnistm,0.6370500180028804,0.7855584034543844,-0.14850838545150402,0.4293927958358146,0.5682118645388161,-0.13881906870300154,0.999442,0.024149,0.9752930000000001,0.8722780569514238,0.31518704634282524,0.5570910106085986,1.639977216720581,1.785690426826477,-0.145713210105896,,,,,,
mnistm|vgg|upgd|0.005||all-to-one|||12.0||#1,mnistm,vgg,upgd,0.005,,all-to-one,,,12.0,,,upgd_0.005_eps=12.0_constraint=Linf_steps=100_mode=all2one_mult=5_poison_seed=2333_arch=vgg19_bn_mnistm,upgd_0.005_eps=12.0_constraint=Linf_steps=100_mult=5_poison_seed=2333_arch=vgg19_bn_mnistm,0.5731058775856746,0.5703620242214533,0.002743853364221227,0.37491440408326826,0.5836361869438524,-0.20872178286058418,0.999581,0.001675,0.9979060000000001,0.9042434394193188,0.08068118369625907,0.8235622557230597,1.2756558656692505,2.0848066806793213,-0.8091508150100708,,,,,,
mnistm|vgg|upgd|0.005||all-to-one|||16.0||#1,mnistm,vgg,upgd,0.005,,all-to-one,,,16.0,,,upgd_0.005_eps=16.0_constraint=Linf_steps=100_mode=all2one_mult=5_poison_seed=2333_arch=vgg19_bn_mnistm,upgd_0.005_eps=16.0_constraint=Linf_steps=100_mult=5_poison_seed=2333_arch=vgg19_bn_mnistm,0.5006445955718736,0.7397127659574468,-0.23906817038557326,0.34370293309930033,0.5444547708369897,-0.20075183773768934,1.0,0.470268,0.529732,0.9409547738693468,0.6560580681183696,0.28489670575097714,1.2822470664978027,2.3025991916656494,-1.0203521251678467,,,,,,
mnistm|vgg|upgd|0.005||all-to-one|||20.0||#1,mnistm,vgg,upgd,0.005,,all-to-one,,,20.0,,,upgd_0.005_eps=20.0_constraint=Linf_steps=100_mode=all2one_mult=5_poison_seed=2333_arch=vgg19_bn_mnistm,upgd_0.005_eps=20.0_constraint=Linf_steps=100_mult=5_poison_seed=2333_arch=vgg19_bn_mnistm,0.5294338016937967,0.6242524574707109,-0.09481865577691417,0.35660224049258393,0.4285375782349683,-0.07193533774238436,1.0,0.972501,0.02749900000000005,0.9518425460636516,0.8697654941373534,0.08207705192629822,1.2693510055541992,2.8805902004241943,-1.6112391948699951,,,,,,
mnistm|vgg|upgd|0.005||all-to-one|||24.0||#1,mnistm,vgg,upgd,0.005,,all-to-one,,,24.0,,,upgd_0.005_eps=24.0_constraint=Linf_steps=100_mode=all2one_mult=5_poison_seed=2333_arch=vgg19_bn_mnistm,upgd_0.005_eps=24.0_constraint=Linf_steps=100_mult=5_poison_seed=2333_arch=vgg19_bn_mnistm,0.49184155791190864,0.7480607534488857,-0.25621919553697703,0.35017680814709196,0.5437318513687449,-0.19355504322165296,1.0,0.051647,0.948353,0.9412339475153545,0.3946119486320491,0.5466219988833054,1.9504867792129517,2.748710870742798,-0.7982240915298462,,,,,,
mnistm|vgg|upgd|0.01||all-to-one|||4.0||#1,mnistm,vgg,upgd,0.01,,all-to-one,,,4.0,,,upgd_0.010_eps=4.0_constraint=Linf_steps=100_mode=all2one_mult=5_poison_seed=2333_arch=vgg19_bn_mnistm,upgd_0.010_eps=4.0_constraint=Linf_steps=100_mult=5_poison_seed=2333_arch=vgg19_bn_mnistm,0.6584710292503799,0.6434772559171598,0.014993773333220162,0.44587626301813776,0.5692857752539147,-0.1234095122357769,0.995533,0.001675,0.993858,0.8267727526521497,0.04718034617532105,0.7795924064768286,1.536568522453308,1.5953232049942017,-0.058754682540893555,,,,,,
mnistm|vgg|upgd|0.01||all-to-one|||6.0||#1,mnistm,vgg,upgd,0.01,,all-to-one,,,6.0,,,upgd_0.010_eps=6.0_constraint=Linf_steps=100_mode=all2one_mult=5_poison_seed=2333_arch=vgg19_bn_mnistm,upgd_0.010_eps=6.0_constraint=Linf_steps=100_mult=5_poison_seed=2333_arch=vgg19_bn_mnistm,0.627200502691577,0.5518343515037594,0.07536615118781764,0.4063685024345096,0.5749008291771055,-0.16853232674259588,0.996092,0.001396,0.994696,0.8816303740926856,0.037130094919039645,0.844500279173646,1.630659580230713,2.451619863510132,-0.820960283279419,,,,,,
mnistm|vgg|upgd|0.01||all-to-one|||8.0||#1,mnistm,vgg,upgd,0.01,,all-to-one,,,8.0,,,upgd_0.010_eps=8.0_constraint=Linf_steps=100_mode=all2one_mult=5_poison_seed=2333_arch=vgg19_bn_mnistm,upgd_0.010_eps=8.0_constraint=Linf_steps=100_mult=5_poison_seed=2333_arch=vgg19_bn_mnistm,0.5857711193745233,0.7785688559322034,-0.19279773655768007,0.3924407376365384,0.5709588211229976,-0.17851808348645914,0.997906,0.022613,0.975293,0.9149916247906198,0.26353992183137914,0.6514517029592406,2.161179542541504,1.7724772691726685,0.38870227336883545,,,,,,
mnistm|vgg|upgd|0.01||all-to-one|||10.0||#1,mnistm,vgg,upgd,0.01,,all-to-one,,,10.0,,,upgd_0.010_eps=10.0_constraint=Linf_steps=100_mode=all2one_mult=5_poison_seed=2333_arch=vgg19_bn_mnistm,upgd_0.010_eps=10.0_constraint=Linf_steps=100_mult=5_poison_seed=2333_arch=vgg19_bn_mnistm,0.5549444556748016,0.7701234939759036,-0.21517903830110208,0.3685601813217263,0.5397384075211082,-0.17117822619938194,0.99986,0.038666,0.961194,0.9494695700725851,0.3707426018983808,0.5787269681742043,5.273618698120117,2.2687995433807373,3.00481915473938,,,,,,
mnistm|vgg|upgd|0.01||all-to-one|||12.0||#1,mnistm,vgg,upgd,0.01,,all-to-one,,,12.0,,,upgd_0.010_eps=12.0_constraint=Linf_steps=100_mode=all2one_mult=5_poison_seed=2333_arch=vgg19_bn_mnistm,upgd_0.010_eps=12.0_constraint=Linf_steps=100_mult=5_poison_seed=2333_arch=vgg19_bn_mnistm,0.4358968404193361,0.7795323781588448,-0.3436355377395087,0.3267750763957653,0.5902727450422853,-0.26349766864652,1.0,0.002792,0.997208,0.9586823003908431,0.07733109994416527,0.8813512004466778,1.7009645700454712,2.031975746154785,-0.33101117610931396,,,,,,
mnistm|vgg|upgd|0.01||all-to-one|||16.0||#1,mnistm,vgg,upgd,0.01,,all-to-one,,,16.0,,,upgd_0.010_eps=16.0_constraint=Linf_steps=100_mode=all2one_mult=5_poison_seed=2333_arch=vgg19_bn_mnistm,upgd_0.010_eps=16.0_constraint=Linf_steps=100_mult=5_poison_seed=2333_arch=vgg19_bn_mnistm,0.4282779135740794,0.7681626919497441,-0.33988477837566466,0.3089601380094109,0.5660978489484032,-0.2571377109389923,1.0,0.01675,0.98325,0.9779452819653824,0.2999720826353992,0.6779731993299832,1.1701802015304565,2.3565776348114014,-1.1863974332809448,,,,,,
mnistm|vgg|upgd|0.01||all-to-one|||20.0||#1,mnistm,vgg,upgd,0.01,,all-to-one,,,20.0,,,upgd_0.010_eps=20.0_constraint=Linf_steps=100_mode=all2one_mult=5_poison_seed=2333_arch=vgg19_bn_mnistm,upgd_0.010_eps=20.0_constraint=Linf_steps=100_mult=5_poison_seed=2333_arch=vgg19_bn_mnistm,0.436932179899857,0.8102208624708624,-0.37328868257100545,0.3302093889059612,0.5745388219239216,-0.2443294330179604,1.0,0.008934,0.991066,0.97571189279732,0.23953098827470687,0.7361809045226131,1.9345568418502808,4.860194206237793,-2.925637364387512,,,,,,
mnistm|vgg|upgd|0.01||all-to-one|||24.0||#1,mnistm,vgg,upgd,0.01,,all-to-one,,,24.0,,,upgd_0.010_eps=24.0_constraint=Linf_steps=100_mode=all2one_mult=5_poison_seed=2333_arch=vgg19_bn_mnistm,upgd_0.010_eps=24.0_constraint=Linf_steps=100_mult=5_poison_seed=2333_arch=vgg19_bn_mnistm,0.4249282157085942,0.6736878804551414,-0.2487596647465472,0.3126255072706098,0.44446044972537735,-0.13183494245476757,1.0,0.911921,0.08807900000000002,0.9810161920714685,0.7452540480178671,0.2357621440536014,1.658176302909851,1.3233530521392822,0.33482325077056885,,,,,,
mnistm|vgg|upgd|0.05||all-to-one|||4.0||#1,mnistm,vgg,upgd,0.05,,all-to-one,,,4.0,,,upgd_0.050_eps=4.0_constraint=Linf_steps=100_mode=all2one_mult=5_poison_seed=2333_arch=vgg19_bn_mnistm,upgd_0.050_eps=4.0_constraint=Linf_steps=100_mult=5_poison_seed=2333_arch=vgg19_bn_mnistm,0.4775586769088844,0.52365625,-0.04609757309111562,0.29532823839985545,0.5565333990010846,-0.2612051606012291,1.0,0.004048,0.995952,0.9835287548855388,0.08375209380234507,0.8997766610831938,2.0679662227630615,2.936370372772217,-0.8684041500091553,,,,,,
mnistm|vgg|upgd|0.05||all-to-one|||6.0||#1,mnistm,vgg,upgd,0.05,,all-to-one,,,6.0,,,upgd_0.050_eps=6.0_constraint=Linf_steps=100_mode=all2one_mult=5_poison_seed=2333_arch=vgg19_bn_mnistm,upgd_0.050_eps=6.0_constraint=Linf_steps=100_mult=5_poison_seed=2333_arch=vgg19_bn_mnistm,0.4257529283093424,0.775095374617737,-0.3493424463083946,0.31589462411063407,0.568877459410439,-0.2529828352998049,1.0,0.007538,0.992462,0.9891122278056952,0.18257956448911222,0.806532663316583,2.077523708343506,2.581287145614624,-0.5037634372711182,,,,,,
mnistm|vgg|upgd|0.05||all-to-one|||8.0||#1,mnistm,vgg,upgd,0.05,,all-to-one,,,8.0,,,upgd_0.050_eps=8.0_constraint=Linf_steps=100_mode=all2one_mult=5_poison_seed=2333_arch=vgg19_bn_mnistm,upgd_0.050_eps=8.0_constraint=Linf_steps=100_mult=5_poison_seed=2333_arch=vgg19_bn_mnistm,0.3927527596719933,0.779691296728972,-0.38693853705697867,0.2871841696267575,0.5867209523113134,-0.29953678268455586,1.0,0.00321,0.99679,0.9958123953098827,0.11934673366834171,0.876465661641541,2.2036170959472656,1.7118545770645142,0.49176251888275146,,,,,,
mnistm|vgg|upgd|0.05||all-to-one|||10.0||#1,mnistm,vgg,upgd,0.05,,all-to-one,,,10.0,,,upgd_0.050_eps=10.0_constraint=Linf_steps=100_mode=all2one_mult=5_poison_seed=2333_arch=vgg19_bn_mnistm,upgd_0.050_eps=10.0_constraint=Linf_steps=100_mult=5_poison_seed=2333_arch=vgg19_bn_mnistm,0.38168890134529143,0.7637391937191249,-0.3820502923738335,0.2807663038664937,0.5522518523587348,-0.27148554849224105,1.0,0.059883,0.940117,0.9960915689558906,0.3955890563930765,0.6005025125628141,1.5025826692581177,1.996456265449524,-0.49387359619140625,,,,,,
mnistm|vgg|upgd|0.05||all-to-one|||12.0||#1,mnistm,vgg,upgd,0.05,,all-to-one,,,12.0,,,upgd_0.050_eps=12.0_constraint=Linf_steps=100_mode=all2one_mult=5_poison_seed=2333_arch=vgg19_bn_mnistm,upgd_0.050_eps=12.0_constraint=Linf_steps=100_mult=5_poison_seed=2333_arch=vgg19_bn_mnistm,0.37029976025479483,0.7471427656850191,-0.3768430054302243,0.27306023784096367,0.5519194445438718,-0.2788592067029081,1.0,0.275684,0.724316,0.9970686767169179,0.5450865438302624,0.45198213288665545,2.9934704303741455,3.127875804901123,-0.13440537452697754,,,,,,
mnistm|vgg|upgd|0.05||all-to-one|||16.0||#1,mnistm,vgg,upgd,0.05,,all-to-one,,,16.0,,,upgd_0.050_eps=16.0_constraint=Linf_steps=100_mode=all2one_mult=5_poison_seed=2333_arch=vgg19_bn_mnistm,upgd_0.050_eps=16.0_constraint=Linf_steps=100_mult=5_poison_seed=2333_arch=vgg19_bn_mnistm,0.3792032626170837,0.641005391150112,-0.2618021285330283,0.2755133451342524,0.42988516453878056,-0.15437181940452815,1.0,0.722641,0.277359,0.998464544946957,0.7476270240089335,0.2508375209380235,1.760766863822937,2.695675849914551,-0.9349089860916138,,,,,,
mnistm|vgg|upgd|0.05||all-to-one|||20.0||#1,mnistm,vgg,upgd,0.05,,all-to-one,,,20.0,,,upgd_0.050_eps=20.0_constraint=Linf_steps=100_mode=all2one_mult=5_poison_seed=2333_arch=vgg19_bn_mnistm,upgd_0.050_eps=20.0_constraint=Linf_steps=100_mult=5_poison_seed=2333_arch=vgg19_bn_mnistm,0.32735298791561895,0.7493424556213018,-0.4219894677056828,0.24959352093375553,0.5614101809870203,-0.3118166600532648,1.0,0.127862,0.872138,0.9991624790619765,0.4718034617532105,0.5273590173087661,3.1454334259033203,2.363722324371338,0.7817111015319824,,,,,,
mnistm|vgg|upgd|0.05||all-to-one|||24.0||#1,mnistm,vgg,upgd,0.05,,all-to-one,,,24.0,,,upgd_0.050_eps=24.0_constraint=Linf_steps=100_mode=all2one_mult=5_poison_seed=2333_arch=vgg19_bn_mnistm,upgd_0.050_eps=24.0_constraint=Linf_steps=100_mult=5_poison_seed=2333_arch=vgg19_bn_mnistm,0.33234390286512927,0.6166154425074768,-0.2842715396423475,0.27478858673738393,0.4063779350948624,-0.1315893483574785,1.0,0.987577,0.012422999999999962,0.9987437185929648,0.8867950865438302,0.11194863204913463,1.8586450815200806,2.265939950942993,-0.4072948694229126,,,,,,
