dataset,arch,group_id,point_id,attack_type,trigger_type,poison_rate,train_param_value,test_param_type,test_param_value,stealth_tpr_avg,stealth_auc_avg,transfer_rate,asr,cover_rate,nc_max_anomaly_index,nc_is_poisoned,S_stealth,S_stealth_tpr
cifar10,resnet18,1,1,SIG,SIG,0.005,4.0,test_delta,4.0,0.9261774193548387,0.5241824391816216,0.057813,0.004309745585986376,,3.0990073680877686,false,0.4193459513452973,0.740941935483871
cifar10,resnet18,2,1,SIG,SIG,0.005,12.0,test_delta,12.0,0.907516369047619,0.5329325083668224,0.094062,0.07298762685944668,,1.9864917993545532,false,0.4263460066934579,0.7260130952380952
cifar10,resnet18,3,1,SIG,SIG,0.005,20.0,test_delta,20.0,0.8675636254501801,0.47798457206813305,0.288438,0.46322813846795496,,4.644643306732178,false,0.38238765765450644,0.694050900360144
cifar10,resnet18,4,1,SIG,SIG,0.005,28.0,test_delta,28.0,0.8264289719296596,0.4820170215656412,0.407656,0.7391908800222439,,2.1705520153045654,false,0.385613617252513,0.6611431775437278
cifar10,resnet18,5,1,SIG,SIG,0.005,36.0,test_delta,36.0,0.5646230793916291,0.4756836893098424,0.486563,0.8935075768107883,,1.7865824699401855,false,0.3805469514478739,0.45169846351330334
cifar10,resnet18,6,1,SIG,SIG,0.005,44.0,test_delta,44.0,0.7762416530339084,0.3997770161376072,0.809688,0.9347977200055609,,2.5238139629364014,true,0.32681877057008907,0.62799048008713
cifar10,resnet18,7,1,SIG,SIG,0.005,56.0,test_delta,56.0,0.5770854664287794,0.3771299191843416,0.844844,0.9545391352704018,,3.4714338779449463,true,0.3235620903962807,0.48352652819183095
cifar10,resnet18,8,1,SIG,SIG,0.01,4.0,test_delta,4.0,0.9246354166666667,0.5113223095778986,0.040938,0.00333657722786042,,1.26068115234375,false,0.4090578476623189,0.7397083333333334
cifar10,resnet18,9,1,SIG,SIG,0.01,12.0,test_delta,12.0,0.8206269793666027,0.5078522324816925,0.196406,0.21729459196440984,,1.8994616270065308,false,0.406281785985354,0.6565015834932821
cifar10,resnet18,10,1,SIG,SIG,0.01,20.0,test_delta,20.0,0.860993320610687,0.4863404686253481,0.340781,0.4553037675517865,,2.8160624504089355,true,0.4006527034502394,0.7003749850385106
cifar10,resnet18,11,1,SIG,SIG,0.01,28.0,test_delta,28.0,0.7926077684691546,0.4199102718775687,0.426875,0.7301543166967885,,2.1973624229431152,false,0.335928217502055,0.6340862147753237
cifar10,resnet18,12,1,SIG,SIG,0.01,36.0,test_delta,36.0,0.8009402275561097,0.41662782734897186,0.537969,0.8919783122480189,,1.9616351127624512,false,0.3333022618791775,0.6407521820448878
cifar10,resnet18,13,1,SIG,SIG,0.01,44.0,test_delta,44.0,0.7431005411333238,0.4067276290685027,0.976094,0.9666342277213958,,2.403592824935913,true,0.33049389950607205,0.599592229157929
cifar10,resnet18,14,1,SIG,SIG,0.01,56.0,test_delta,56.0,0.5500290570175439,0.3746222464727902,0.916094,0.9905463645210622,,2.282599449157715,true,0.3029121214441373,0.44323756987994034
cifar10,resnet18,15,1,SIG,SIG,0.05,4.0,test_delta,4.0,0.8399875910386321,0.5464064503738995,0.319531,0.21951897678298346,,1.9385120868682861,false,0.4371251602991196,0.6719900728309057
cifar10,resnet18,16,1,SIG,SIG,0.05,12.0,test_delta,12.0,0.8594078498293516,0.46024620924959203,0.613437,0.6517447518420687,,1.236987590789795,false,0.36819696739967367,0.6875262798634814
cifar10,resnet18,17,1,SIG,SIG,0.05,20.0,test_delta,20.0,0.6429994986631016,0.38846601570010164,0.721406,0.8319199221465313,,1.4975310564041138,false,0.3107728125600813,0.5143995989304813
cifar10,resnet18,18,1,SIG,SIG,0.05,28.0,test_delta,28.0,0.7138955176307737,0.3472825893344348,0.92375,0.9541220631169193,,1.1300208568572998,false,0.27782607146754784,0.571116414104619
cifar10,resnet18,19,1,SIG,SIG,0.05,36.0,test_delta,36.0,0.5240856947794014,0.30596912983869573,0.972344,0.9799805366328375,,1.25941801071167,false,0.24477530387095658,0.4192685558235211
cifar10,resnet18,20,1,SIG,SIG,0.05,44.0,test_delta,44.0,0.565681125403622,0.35391927429661085,0.987969,0.9902683164187405,,1.616701602935791,false,0.2831354194372887,0.4525449003228976
cifar10,resnet18,21,1,SIG,SIG,0.05,56.0,test_delta,56.0,0.6493190144030059,0.35740947207135787,0.999062,0.999026831641874,,2.100159168243408,false,0.2859275776570863,0.5194552115224047
cifar10,resnet18,22,1,WaNet,WaNet,0.005,0.4,test_s,0.4,0.8947618153710247,0.5193334402648088,0.03,0.03934380647852079,0.01,2.077636241912842,true,0.41546675221184703,0.7158094522968198
cifar10,resnet18,23,1,WaNet,WaNet,0.005,0.6,test_s,0.6,0.8496861207440101,0.4317124355255373,0.030625,0.5512303628527735,0.01,4.0601043701171875,false,0.34536994842042984,0.6797488965952081
cifar10,resnet18,24,1,WaNet,WaNet,0.005,0.8,test_s,0.8,0.8634690487571701,0.4292867729786678,0.027656,0.5816766300569999,0.01,1.5874886512756348,false,0.3434294183829343,0.6907752390057361
cifar10,resnet18,25,1,WaNet,WaNet,0.005,1.0,test_s,1.0,0.8224090710859137,0.4066995156288522,0.040313,0.6375642986236619,0.01,3.0285356044769287,true,0.3402720396484663,0.6728396840141155
cifar10,resnet18,26,1,WaNet,WaNet,0.005,1.2,test_s,1.2,0.8164424520249588,0.40372324905980883,0.047656,0.5904351452801334,0.01,3.405649423599243,false,0.3229785992478471,0.6531539616199671
cifar10,resnet18,27,1,WaNet,WaNet,0.005,1.4,test_s,1.4,0.8469527620030977,0.48428662137582945,0.047031,0.5385791741971361,0.01,3.987729072570801,false,0.3874292971006636,0.6775622096024781
cifar10,resnet18,28,1,WaNet,WaNet,0.005,2.0,test_s,2.0,0.8603674189351481,0.4519127467456441,0.098906,0.6945641595996107,0.01,1.6014295816421509,false,0.36153019739651526,0.6882939351481185
cifar10,resnet18,29,1,WaNet,WaNet,0.005,4.0,test_s,4.0,0.859462220494595,0.4139048257780995,0.61375,0.9388294174892257,0.01,4.8083319664001465,false,0.3311238606224796,0.6875697763956761
cifar10,resnet18,30,1,WaNet,WaNet,0.01,0.4,test_s,0.4,0.7109335488505747,0.5284796132849696,0.035156,0.15723620186292228,0.02,1.8067561388015747,false,0.4227836906279757,0.5687468390804598
cifar10,resnet18,31,1,WaNet,WaNet,0.01,0.6,test_s,0.6,0.784575956937799,0.37672173979070944,0.055625,0.8716808007785347,0.02,2.1920294761657715,true,0.3031713574601413,0.629454731177813
cifar10,resnet18,32,1,WaNet,WaNet,0.01,0.8,test_s,0.8,0.6195783819498826,0.36005045132577584,0.041563,0.8876685666620325,0.02,2.111130714416504,true,0.2885656362902066,0.496187980789492
cifar10,resnet18,33,1,WaNet,WaNet,0.01,1.0,test_s,1.0,0.8067360038994111,0.3840924706474077,0.090781,0.8734881134436258,0.02,1.788537859916687,false,0.3072739765179262,0.645388803119529
cifar10,resnet18,34,1,WaNet,WaNet,0.01,1.2,test_s,1.2,0.56684005758006,0.3376167267060256,0.164531,0.8812734603086334,0.02,1.964860439300537,false,0.2700933813648205,0.453472046064048
cifar10,resnet18,35,1,WaNet,WaNet,0.01,1.4,test_s,1.4,0.6291214886525949,0.34348835508908815,0.309063,0.8759905463645211,0.02,1.944960594177246,false,0.27479068407127055,0.5032971909220759
cifar10,resnet18,36,1,WaNet,WaNet,0.01,2.0,test_s,2.0,0.8001866896018069,0.39575793517742097,0.194062,0.8309467537884054,0.02,2.9778645038604736,false,0.3166063481419368,0.6401493516814456
cifar10,resnet18,37,1,WaNet,WaNet,0.01,4.0,test_s,4.0,0.7224413590663635,0.40787158796476286,0.708281,0.9783122480189073,0.02,4.201309680938721,true,0.35960166270483945,0.6112574795861199
cifar10,resnet18,38,1,WaNet,WaNet,0.05,0.4,test_s,0.4,0.6544780935164121,0.37866446959277456,0.115625,0.855554010843876,0.1,2.2195630073547363,false,0.3029315756742197,0.5235824748131297
cifar10,resnet18,39,1,WaNet,WaNet,0.05,0.6,test_s,0.6,0.6163947904949382,0.33565854573745146,0.291406,0.9887390518559711,0.1,3.551323413848877,false,0.2685268365899612,0.4931158323959506
cifar10,resnet18,40,1,WaNet,WaNet,0.05,0.8,test_s,0.8,0.5549796888126575,0.305542068608772,0.33625,0.9929097733907966,0.1,13.19038200378418,true,0.41870868133380246,0.6182587774969108
cifar10,resnet18,41,1,WaNet,WaNet,0.05,1.0,test_s,1.0,0.6001787101175483,0.3299415820271694,0.426406,0.99346586959544,0.1,3.296175956726074,true,0.28306294792493014,0.4992526503972333
cifar10,resnet18,42,1,WaNet,WaNet,0.05,1.2,test_s,1.2,0.6892647784544309,0.3476609881867547,0.529375,0.9930487974419575,0.1,4.5880866050720215,true,0.3174987908002898,0.5907818230144307
cifar10,resnet18,43,1,WaNet,WaNet,0.05,1.4,test_s,1.4,0.5122230957648546,0.29264107900839054,0.630156,0.989712220214097,0.1,3.102606773376465,false,0.23411286320671243,0.4097784766118837
cifar10,resnet18,44,1,WaNet,WaNet,0.05,2.0,test_s,2.0,0.6024509508185154,0.30796081616207616,0.41,0.9851244265257889,0.1,1.6836910247802734,false,0.24636865292966093,0.48196076065481236
cifar10,resnet18,45,1,WaNet,WaNet,0.05,4.0,test_s,4.0,0.8092471068042387,0.35883934514677507,0.795156,0.9970804949256221,0.1,2.4848473072052,true,0.29345754133423996,0.6537837506602109
cifar10,resnet18,46,1,adaptive_blend,adaptive_blend,0.005,0.01,test_alpha,0.01,0.9057329009433962,0.5228201911500319,0.037969,0.007368274711525094,0.005,4.420733451843262,false,0.4182561529200255,0.724586320754717
cifar10,resnet18,47,1,adaptive_blend,adaptive_blend,0.005,0.05,test_alpha,0.05,0.9184479166666667,0.529721034038714,0.03,0.00834144306965105,0.005,1.8610173463821411,false,0.4237768272309712,0.7347583333333334
cifar10,resnet18,48,1,adaptive_blend,adaptive_blend,0.005,0.1,test_alpha,0.1,0.7620153637123745,0.4643683312433784,0.197344,0.415681912970944,0.005,3.8932735919952393,false,0.37149466499470274,0.6096122909698997
cifar10,resnet18,49,1,adaptive_blend,adaptive_blend,0.005,0.15,test_alpha,0.15,0.8951042435424355,0.5079583771862904,0.422812,0.7913248992075629,0.005,1.0806673765182495,false,0.4063667017490324,0.7160833948339485
cifar10,resnet18,50,1,adaptive_blend,adaptive_blend,0.005,0.2,test_alpha,0.2,0.8140778344986493,0.5151838344685151,0.62625,0.8750173780063951,0.005,1.175864338874817,false,0.4121470675748121,0.6512622675989195
cifar10,resnet18,51,1,adaptive_blend,adaptive_blend,0.005,0.25,test_alpha,0.25,0.8266607766836086,0.5026388203856478,0.774062,0.8752954261087168,0.005,2.126964569091797,false,0.40211105630851823,0.661328621346887
cifar10,resnet18,52,1,adaptive_blend,adaptive_blend,0.005,0.3,test_alpha,0.3,0.6953648117960878,0.2695287282724079,0.909219,0.9382733212845822,0.005,1.7466552257537842,false,0.21562298261792634,0.5562918494368703
cifar10,resnet18,53,1,adaptive_blend,adaptive_blend,0.01,0.01,test_alpha,0.01,0.9464189814814815,0.5345066143017188,0.044687,0.007507298762685945,0.01,1.9233771562576294,false,0.42760529144137505,0.7571351851851853
cifar10,resnet18,54,1,adaptive_blend,adaptive_blend,0.01,0.05,test_alpha,0.05,0.9138098739495798,0.5231277999256421,0.045,0.016543862088141247,0.01,3.7063355445861816,false,0.41850223994051367,0.7310478991596638
cifar10,resnet18,55,1,adaptive_blend,adaptive_blend,0.01,0.1,test_alpha,0.1,0.8082931544388974,0.4735314113176139,0.505313,0.6404838036980398,0.01,4.0029096603393555,false,0.37882512905409116,0.646634523551118
cifar10,resnet18,56,1,adaptive_blend,adaptive_blend,0.01,0.15,test_alpha,0.15,0.8258666029462589,0.4949825194269135,0.634219,0.8045321840678438,0.01,1.780069351196289,false,0.39598601554153084,0.6606932823570072
cifar10,resnet18,57,1,adaptive_blend,adaptive_blend,0.01,0.2,test_alpha,0.2,0.672101506204964,0.27828900183940175,0.808438,0.8682051994995135,0.01,1.4252961874008179,false,0.2226312014715214,0.5376812049639712
cifar10,resnet18,58,1,adaptive_blend,adaptive_blend,0.01,0.25,test_alpha,0.25,0.8069754550735864,0.4026804010200373,0.84,0.8974002502432921,0.01,1.7044007778167725,false,0.3221443208160299,0.6455803640588691
cifar10,resnet18,59,1,adaptive_blend,adaptive_blend,0.01,0.3,test_alpha,0.3,0.6042859916367981,0.31538900118501767,0.874219,0.9309050465730572,0.01,1.8850202560424805,false,0.2523112009480141,0.4834287933094385
cifar10,resnet18,60,1,adaptive_blend,adaptive_blend,0.05,0.01,test_alpha,0.01,0.8649433379120879,0.4646271966843052,0.105938,0.025163353260114,0.05,3.5635671615600586,false,0.37170175734744415,0.6919546703296704
cifar10,resnet18,61,1,adaptive_blend,adaptive_blend,0.05,0.05,test_alpha,0.05,0.7569355777522276,0.42740785356977384,0.399375,0.48380369803976087,0.05,1.7131489515304565,false,0.3419262828558191,0.6055484622017822
cifar10,resnet18,62,1,adaptive_blend,adaptive_blend,0.05,0.1,test_alpha,0.1,0.7145375257909217,0.3406380878010906,0.482187,0.6065619352147922,0.05,2.8365657329559326,true,0.2844123403958239,0.5835318907876889
cifar10,resnet18,63,1,adaptive_blend,adaptive_blend,0.05,0.15,test_alpha,0.15,0.717659956605593,0.29713140398627824,0.759844,0.7209787293201724,0.05,6.192278861999512,true,0.30223278060156106,0.6386556226970129
cifar10,resnet18,64,1,adaptive_blend,adaptive_blend,0.05,0.2,test_alpha,0.2,0.5655382593457944,0.23363260105128092,0.75375,0.7436396496593911,0.05,2.460522413253784,false,0.18690608084102475,0.45243060747663555
cifar10,resnet18,65,1,adaptive_blend,adaptive_blend,0.05,0.25,test_alpha,0.25,0.5407656051172515,0.2753975981734822,0.73375,0.7649103294870012,0.05,2.444650173187256,true,0.226073754404119,0.4383681599591344
cifar10,resnet18,66,1,adaptive_blend,adaptive_blend,0.05,0.3,test_alpha,0.3,0.5946803385416667,0.2955002910152824,0.8225,0.8541637703322675,0.05,1.7211384773254395,false,0.23640023281222594,0.47574427083333337
cifar10,resnet18,67,1,adaptive_patch,adaptive_patch,0.005,0.0,test_alpha,0.0,0.6265625677874187,0.3425086891613296,0.705781,0.32045043792576117,0.01,2.118845224380493,true,0.2746532089384149,0.5018963118392862
cifar10,resnet18,68,1,adaptive_patch,adaptive_patch,0.005,0.1,test_alpha,0.1,0.536189493887895,0.33362725860437425,0.759062,0.6995690254414013,0.01,8.394145965576172,true,0.36596012448847526,0.528009912715292
cifar10,resnet18,69,1,adaptive_patch,adaptive_patch,0.005,0.2,test_alpha,0.2,0.484531954887218,0.27221252218517633,0.645156,0.4990963436674545,0.01,7.317033767700195,true,0.2999365823342501,0.4697921284958834
cifar10,resnet18,70,1,adaptive_patch,adaptive_patch,0.005,0.3,test_alpha,0.3,0.5300541472416472,0.3519312596466465,0.541719,0.3575698595857083,0.01,2.3902652263641357,true,0.28644779463431996,0.4289461047103206
cifar10,resnet18,71,1,adaptive_patch,adaptive_patch,0.005,0.4,test_alpha,0.4,0.6409222840314136,0.3777938410712435,0.425312,0.26553593771722506,0.01,2.9141716957092285,true,0.31535399427012073,0.5258567486382569
cifar10,resnet18,72,1,adaptive_patch,adaptive_patch,0.01,0.0,test_alpha,0.0,0.6274892277560157,0.3299546481732447,0.176406,0.2482969553732796,0.02,2.244494915008545,false,0.2639637185385958,0.5019913822048125
cifar10,resnet18,73,1,adaptive_patch,adaptive_patch,0.01,0.1,test_alpha,0.1,0.6600831172199171,0.36891547817426207,0.110156,0.2680383706381204,0.02,4.049386501312256,true,0.3260542479331359,0.55898835916966
cifar10,resnet18,74,1,adaptive_patch,adaptive_patch,0.01,0.2,test_alpha,0.2,0.6304075919369575,0.37798423227291866,0.119375,0.3041846239399416,0.02,3.43424391746521,true,0.32366231134987955,0.5256009990811106
cifar10,resnet18,75,1,adaptive_patch,adaptive_patch,0.01,0.3,test_alpha,0.3,0.6655163214768123,0.41421187293792494,0.176719,0.30849436952592796,0.02,4.410798072814941,true,0.36795918090928126,0.5690027397403911
cifar10,resnet18,76,1,adaptive_patch,adaptive_patch,0.01,0.4,test_alpha,0.4,0.6548417008196722,0.42094108759176374,0.161875,0.27123592381482,0.02,3.052959680557251,true,0.3520483264535182,0.5391688170358448
cifar10,resnet18,77,1,adaptive_patch,adaptive_patch,0.05,0.0,test_alpha,0.0,0.5285569891418106,0.31457182281520835,0.368281,0.26567496176838595,0.1,1.4561485052108765,false,0.2516574582521667,0.4228455913134485
cifar10,resnet18,78,1,adaptive_patch,adaptive_patch,0.05,0.1,test_alpha,0.1,0.592941722972973,0.29012706608078576,0.360938,0.26734325038231616,0.1,1.9238015413284302,false,0.2321016528646286,0.47435337837837843
cifar10,resnet18,79,1,adaptive_patch,adaptive_patch,0.05,0.2,test_alpha,0.2,0.6241214375901876,0.323033633400021,0.235625,0.19282635896010009,0.1,2.3364784717559814,false,0.25842690672001684,0.4992971500721501
cifar10,resnet18,80,1,adaptive_patch,adaptive_patch,0.05,0.3,test_alpha,0.3,0.6079148971103328,0.3053991631018047,0.295156,0.23814819963853748,0.1,4.240011215209961,false,0.24431933048144377,0.4863319176882662
cifar10,resnet18,81,1,adaptive_patch,adaptive_patch,0.05,0.4,test_alpha,0.4,0.6124880564603692,0.28611114279356564,0.46,0.2560823022382872,0.1,1.8323771953582764,false,0.22888891423485253,0.4899904451682954
cifar10,resnet18,82,1,basic,basic,0.005,0.2,test_alpha,0.2,0.38287690797273266,0.22598781680191327,0.443437,0.703600722925066,,3.4983811378479004,true,0.20307100741709194,0.3285822803537475
cifar10,resnet18,83,1,basic,basic,0.005,0.3,test_alpha,0.3,0.13210470197978108,0.05573508217430201,0.887344,0.9901292923675796,,6.372916221618652,true,0.11194855864551898,0.17304425448990224
cifar10,resnet18,84,1,basic,basic,0.005,0.4,test_alpha,0.4,0.17409118688101555,0.06908370239854555,0.959688,0.9966634227721396,,5.870650291442871,true,0.11475069689844047,0.19875668448441647
cifar10,resnet18,85,1,basic,basic,0.005,0.5,test_alpha,0.5,0.17879503062360802,0.07651223358913739,0.995,0.9987487835395523,,6.7308759689331055,true,0.13418396389892573,0.21601020152650224
cifar10,resnet18,86,1,basic,basic,0.005,0.6,test_alpha,0.6,0.12761729505632036,0.046975753659610375,0.996406,0.9997219518976783,,2.432164192199707,true,0.043140468080399536,0.10765370119776752
cifar10,resnet18,87,1,basic,basic,0.005,0.7,test_alpha,0.7,0.04955133897539277,0.027803464257970312,1.0,1.0,,6.683238983154297,true,0.09446988401495968,0.11186818378889765
cifar10,resnet18,88,1,basic,basic,0.005,0.8,test_alpha,0.8,0.15042912985251145,0.04742262699833355,0.998281,0.9991658556930348,,3.8312509059906006,true,0.06543906747230324,0.14784426975564555
cifar10,resnet18,89,1,basic,basic,0.005,0.9,test_alpha,0.9,0.06515659760845394,0.022024438681225278,0.999531,0.9998609759488392,,2.55169939994812,true,0.025054020442834737,0.05955974758461766
cifar10,resnet18,90,1,basic,basic,0.005,1.0,test_alpha,1.0,0.12144101084538383,0.030096633186045274,0.999844,0.9998609759488392,,4.07330322265625,true,0.05537424461443501,0.12844974674190587
cifar10,resnet18,91,1,basic,basic,0.01,0.2,test_alpha,0.2,0.42960718715545765,0.27970211726023997,0.301406,0.6304740720144585,,2.664663791656494,true,0.2329677211887139,0.35289177710488806
cifar10,resnet18,92,1,basic,basic,0.01,0.3,test_alpha,0.3,0.23846016221374045,0.11066532126516537,0.771563,0.9470318365077158,,4.823713302612305,true,0.13159746003516254,0.2338333327940226
cifar10,resnet18,93,1,basic,basic,0.01,0.4,test_alpha,0.4,0.2506925360661506,0.09490898036345063,0.879062,0.9877658834978451,,1.8811174631118774,false,0.07592718429076051,0.2005540288529205
cifar10,resnet18,94,1,basic,basic,0.01,0.5,test_alpha,0.5,0.1416605153203343,0.0563024157217169,0.982187,0.998192687334909,,4.478927135467529,true,0.08270004542798154,0.15098652510687546
cifar10,resnet18,95,1,basic,basic,0.01,0.6,test_alpha,0.6,0.21873886569241474,0.07834656947908747,0.997188,0.9988878075907132,,8.323895454406738,true,0.16063387339646626,0.27294771036712806
cifar10,resnet18,96,1,basic,basic,0.01,0.7,test_alpha,0.7,0.202047642872059,0.06656083144430325,0.997031,0.9986097594883915,,14.83074951171875,true,0.25324866515544264,0.36163811429764725
cifar10,resnet18,97,1,basic,basic,0.01,0.8,test_alpha,0.8,0.15462879274989572,0.0425729066755558,0.99875,1.0,,14.349135398864746,true,0.22650543840742782,0.3161501472668997
cifar10,resnet18,98,1,basic,basic,0.01,0.9,test_alpha,0.9,0.2383563234471181,0.08926466483486784,0.986719,0.9937439176977617,,5.413886547088623,true,0.12373229445671156,0.24300562134651177
cifar10,resnet18,99,1,basic,basic,0.01,1.0,test_alpha,1.0,0.22139621017114242,0.08032981194514277,0.999219,0.9991658556930348,,7.153319358825684,true,0.14386297189638164,0.25671609047718136
cifar10,resnet18,100,1,basic,basic,0.05,0.2,test_alpha,0.2,0.34133802935876256,0.1442316543217046,0.49125,0.9257611566801056,,2.964104652404785,true,0.12928731572760774,0.28697241575725413
cifar10,resnet18,101,1,basic,basic,0.05,0.3,test_alpha,0.3,0.2842469008264463,0.11193968223433926,0.745625,0.9756707910468511,,3.205690622329712,true,0.10724239679247166,0.24508817166615732
cifar10,resnet18,102,1,basic,basic,0.05,0.4,test_alpha,0.4,0.2789666745813987,0.08683942367403619,0.820312,0.9880439316001668,,4.143829822540283,true,0.10187450654274476,0.2555763072686348
cifar10,resnet18,103,1,basic,basic,0.05,0.5,test_alpha,0.5,0.35076566437972556,0.09941952999166048,0.919687,0.9929097733907966,,6.280982971191406,true,0.14545437873740097,0.346531286247853
cifar10,resnet18,104,1,basic,basic,0.05,0.6,test_alpha,0.6,0.40450478760445685,0.11690218584153667,0.979375,0.998192687334909,,3.0492827892303467,true,0.10875954240659108,0.3388416238169273
cifar10,resnet18,105,1,basic,basic,0.05,0.7,test_alpha,0.7,0.21706359649122808,0.06359574189512351,0.995313,0.9984707354372306,,4.696346282958984,true,0.09194437023296001,0.21471865390984365
cifar10,resnet18,106,1,basic,basic,0.05,0.8,test_alpha,0.8,0.20259479311543804,0.055824410812064795,0.999531,0.9995829278465175,,4.465878486633301,true,0.08211300677996575,0.19952931262266435
cifar10,resnet18,107,1,basic,basic,0.05,0.9,test_alpha,0.9,0.19421036076741272,0.05058684868340757,0.998125,1.0,,14.384140968322754,true,0.23346556493847553,0.34836437460567965
cifar10,resnet18,108,1,basic,basic,0.05,1.0,test_alpha,1.0,0.20528476084538383,0.051543211513775056,0.999531,0.9998609759488392,,7.139004707336426,true,0.12060920281373115,0.24360244227901817
cifar10,resnet18,109,1,belt,belt,0.01,0.05,test_mask_rate,0.05,0.4556013736467448,0.19716411431687741,0.998281,0.9374391769776171,0.5,2.2667596340179443,false,0.15773129145350195,0.3644810989173959
cifar10,resnet18,110,1,belt,belt,0.01,0.1,test_mask_rate,0.1,0.5519077617454342,0.25513333882874734,0.772969,0.997219518976783,0.5,3.176162004470825,false,0.20410667106299787,0.4415262093963474
cifar10,resnet18,111,1,belt,belt,0.01,0.15,test_mask_rate,0.15,0.46996950594327824,0.25127701811732805,0.897656,1.0,0.5,1.224567174911499,false,0.20102161449386247,0.3759756047546226
cifar10,resnet18,112,1,belt,belt,0.01,0.2,test_mask_rate,0.2,0.518002024537745,0.26482891246646423,0.968437,1.0,0.5,1.725853443145752,false,0.2118631299731714,0.41440161963019606
cifar10,resnet18,113,1,belt,belt,0.01,0.25,test_mask_rate,0.25,0.3183089688282772,0.17766074304457913,0.913594,0.999026831641874,0.5,2.3911495208740234,false,0.1421285944356633,0.25464717506262174
cifar10,resnet18,114,1,belt,belt,0.01,0.3,test_mask_rate,0.3,0.41245113739051853,0.18638675158379903,0.939844,1.0,0.5,2.810408592224121,false,0.14910940126703923,0.32996090991241483
cifar10,resnet18,115,1,belt,belt,0.02,0.05,test_mask_rate,0.05,0.4769667090264942,0.3068836933564757,0.982187,0.9025441401362436,0.5,6.9552321434021,true,0.3219995851244849,0.4580659976604997
cifar10,resnet18,116,1,belt,belt,0.02,0.1,test_mask_rate,0.1,0.5045346246173114,0.29226007533052234,0.843906,0.999026831641874,0.5,6.209476470947266,true,0.2986054182368733,0.4684250576663045
cifar10,resnet18,117,1,belt,belt,0.02,0.15,test_mask_rate,0.15,0.5165817575083427,0.24350811597510036,0.942031,0.9998609759488392,0.5,3.0736753940582275,true,0.2104268222019728,0.4288857354285667
cifar10,resnet18,118,1,belt,belt,0.02,0.2,test_mask_rate,0.2,0.45997759106075353,0.22948749297068327,0.959375,1.0,0.5,2.7249135971069336,false,0.18358999437654663,0.36798207284860285
cifar10,resnet18,119,1,belt,belt,0.02,0.25,test_mask_rate,0.25,0.5333480119560684,0.30231352185730476,0.984844,1.0,0.5,1.0405504703521729,false,0.2418508174858438,0.42667840956485475
cifar10,resnet18,120,1,belt,belt,0.02,0.3,test_mask_rate,0.3,0.4803432721048242,0.22863072305556043,0.992188,1.0,0.5,4.244946002960205,false,0.18290457844444835,0.3842746176838594
cifar10,resnet18,121,1,belt,belt,0.1,0.05,test_mask_rate,0.05,0.549819587628866,0.25854307797918763,0.745781,0.9979146392325873,0.5,2.662992477416992,true,0.21601427946989685,0.44903548718963954
cifar10,resnet18,122,1,belt,belt,0.1,0.1,test_mask_rate,0.1,0.8042558737661616,0.503035702996464,0.910625,1.0,0.5,1.127837061882019,false,0.4024285623971713,0.6434046990129293
cifar10,resnet18,123,1,belt,belt,0.1,0.15,test_mask_rate,0.15,0.547406184832476,0.2787605094874427,0.918281,1.0,0.5,4.166144371032715,false,0.22300840758995416,0.43792494786598085
cifar10,resnet18,124,1,belt,belt,0.1,0.2,test_mask_rate,0.2,0.3683398399485611,0.22102048821807874,0.989375,1.0,0.5,2.131744384765625,false,0.176816390574463,0.2946718719588489
cifar10,resnet18,125,1,belt,belt,0.1,0.25,test_mask_rate,0.25,0.45831980310718756,0.25162264121365796,0.998437,1.0,0.5,2.434720277786255,false,0.20129811297092637,0.36665584248575006
cifar10,resnet18,126,1,belt,belt,0.1,0.3,test_mask_rate,0.3,0.3557737427012373,0.1800687230901813,0.997031,1.0,0.5,1.2958978414535522,false,0.14405497847214505,0.28461899416098985
cifar10,resnet18,127,1,blend,blend,0.005,0.01,test_alpha,0.01,0.9019403409090909,0.5097340831328765,0.039531,0.007646322813846795,,1.2057358026504517,false,0.4077872665063012,0.7215522727272727
cifar10,resnet18,128,1,blend,blend,0.005,0.05,test_alpha,0.05,0.9321041666666667,0.4901945335680358,0.049375,0.027248714027526762,,3.563915729522705,false,0.3921556268544286,0.7456833333333335
cifar10,resnet18,129,1,blend,blend,0.005,0.1,test_alpha,0.1,0.7262877329821718,0.38140493927006625,0.516875,0.8577783956624496,,3.682950019836426,true,0.3302991967692689,0.6062054317389534
cifar10,resnet18,130,1,blend,blend,0.005,0.15,test_alpha,0.15,0.7058857566765578,0.42525053217320385,0.737031,0.9370221048241346,,2.85705304145813,false,0.34020042573856313,0.5647086053412463
cifar10,resnet18,131,1,blend,blend,0.005,0.2,test_alpha,0.2,0.5683513447105075,0.31468011799454454,0.838281,0.9724732378701515,,3.946934700012207,true,0.2810592650296971,0.48399624640246747
cifar10,resnet18,132,1,blend,blend,0.005,0.25,test_alpha,0.25,0.842974718111346,0.4133452502193645,0.929219,0.9863756429862366,,2.1913001537323,false,0.33067620017549165,0.6743797744890769
cifar10,resnet18,133,1,blend,blend,0.005,0.3,test_alpha,0.3,0.7967463479706088,0.47752301262040153,0.93625,0.9933268455442792,,2.8292598724365234,false,0.38201841009632126,0.6373970783764871
cifar10,resnet18,134,1,blend,blend,0.01,0.01,test_alpha,0.01,0.8944491421568628,0.5139953889063101,0.054219,0.007090226609203392,,1.4338116645812988,false,0.4111963111250481,0.7155593137254903
cifar10,resnet18,135,1,blend,blend,0.01,0.05,test_alpha,0.05,0.8293301361386138,0.4241165404574243,0.303594,0.5616571666898373,,2.3445987701416016,true,0.3434798575856937,0.6676507341306454
cifar10,resnet18,136,1,blend,blend,0.01,0.1,test_alpha,0.1,0.6487940801320529,0.38458335787544407,0.72375,0.9264562769359099,,5.157111167907715,true,0.35596038307611894,0.5673289608814059
cifar10,resnet18,137,1,blend,blend,0.01,0.15,test_alpha,0.15,0.6807686967707594,0.30015485045687307,0.834844,0.9794244404281941,,1.5145090818405151,false,0.24012388036549848,0.5446149574166075
cifar10,resnet18,138,1,blend,blend,0.01,0.2,test_alpha,0.2,0.7218101780185758,0.3804781760977787,0.917656,0.987904907549006,,3.9533276557922363,false,0.304382540878223,0.5774481424148606
cifar10,resnet18,139,1,blend,blend,0.01,0.25,test_alpha,0.25,0.7069470699018922,0.307132308053919,0.9475,0.9919366050326707,,2.6714746952056885,false,0.2457058464431352,0.5655576559215137
cifar10,resnet18,140,1,blend,blend,0.01,0.3,test_alpha,0.3,0.7474384282178218,0.40632829451132313,0.950937,0.9969414708744613,,1.5848819017410278,false,0.3250626356090585,0.5979507425742575
cifar10,resnet18,141,1,blend,blend,0.05,0.01,test_alpha,0.01,0.8801785714285715,0.49117811650963006,0.062344,0.021409703878771027,,8.02836799621582,false,0.3929424932077041,0.7041428571428572
cifar10,resnet18,142,1,blend,blend,0.05,0.05,test_alpha,0.05,0.49854213229992794,0.3052489907628293,0.836875,0.9641317948005005,,8.466238975524902,true,0.34438810489315874,0.49902261812283766
cifar10,resnet18,143,1,blend,blend,0.05,0.1,test_alpha,0.1,0.49847813901345284,0.24025068034651853,0.951094,0.9920756290838315,,3.263669729232788,true,0.21080044944904425,0.4173824163825917
cifar10,resnet18,144,1,blend,blend,0.05,0.15,test_alpha,0.15,0.5901066689944134,0.2851785237556762,0.96,0.9954122063116919,,9.403122901916504,true,0.3430243621230732,0.5869668783140629
cifar10,resnet18,145,1,blend,blend,0.05,0.2,test_alpha,0.2,0.6074099878303199,0.2822805129060296,0.981406,0.9995829278465175,,2.339052200317383,true,0.22992405176725433,0.49002763170668656
cifar10,resnet18,146,1,blend,blend,0.05,0.25,test_alpha,0.25,0.686030302371679,0.3131878043478311,0.99375,0.9994439037953566,,2.337790012359619,true,0.2546300907272141,0.5529040891462924
cifar10,resnet18,147,1,blend,blend,0.05,0.3,test_alpha,0.3,0.6304136747532323,0.2853249935519938,0.996875,1.0,,1.4786933660507202,false,0.22825999484159507,0.5043309398025858
cifar10,resnet18,148,1,upgd,upgd,0.005,4.0,test_eps,4.0,0.7780142670915411,0.4383163365864754,0.568438,0.47991102460725704,,2.167253017425537,true,0.35205847944027746,0.6238168238443301
cifar10,resnet18,149,1,upgd,upgd,0.005,6.0,test_eps,6.0,0.7631671637744035,0.40995857582860395,0.603281,0.6407618518003615,,1.8836889266967773,false,0.32796686066288316,0.6105337310195229
cifar10,resnet18,150,1,upgd,upgd,0.005,8.0,test_eps,8.0,0.8024409908186687,0.4058658384212537,0.252656,0.7268177394689281,,4.256786346435547,true,0.3588670728366382,0.6761271947545702
cifar10,resnet18,151,1,upgd,upgd,0.005,10.0,test_eps,10.0,0.6506755482085517,0.29253432704965454,0.675156,0.8224662866675935,,2.3838770389556885,false,0.23402746163972366,0.5205404385668414
cifar10,resnet18,152,1,upgd,upgd,0.005,12.0,test_eps,12.0,0.5830827199869153,0.22154419332209474,0.75375,0.849993048797442,,2.8042550086975098,true,0.18863051365002947,0.47786133498188593
cifar10,resnet18,153,1,upgd,upgd,0.005,16.0,test_eps,16.0,0.35325874201973295,0.18439320412830829,0.877031,0.9581537606005839,,4.92609977722168,true,0.1921854366030951,0.32727786691623484
cifar10,resnet18,154,1,upgd,upgd,0.005,20.0,test_eps,20.0,0.47633603567439264,0.2729860321474119,0.209375,0.9956902544140136,,1.5446627140045166,false,0.21838882571792953,0.3810688285395141
cifar10,resnet18,155,1,upgd,upgd,0.005,24.0,test_eps,24.0,0.5646775532581454,0.17280162539273924,0.659375,0.9984707354372306,,1.674246907234192,false,0.1382413003141914,0.45174204260651635
cifar10,resnet18,156,1,upgd,upgd,0.01,4.0,test_eps,4.0,0.6452054204062353,0.4002650470377431,0.995313,0.5886278326150424,,1.9705346822738647,false,0.3202120376301945,0.5161643363249883
cifar10,resnet18,157,1,upgd,upgd,0.01,6.0,test_eps,6.0,0.6139486892583119,0.2800093969940327,0.993125,0.8152370360072293,,1.8386363983154297,false,0.2240075175952262,0.49115895140664956
cifar10,resnet18,158,1,upgd,upgd,0.01,8.0,test_eps,8.0,0.5165605975828111,0.3200802978011026,0.549844,0.7764493257333519,,3.8351263999938965,true,0.28362598133685324,0.4408102211622201
cifar10,resnet18,159,1,upgd,upgd,0.01,10.0,test_eps,10.0,0.5772141515754425,0.33580870676346686,0.279844,0.8559710829973586,,3.1154279708862305,true,0.28492207733078523,0.47804643318036577
cifar10,resnet18,160,1,upgd,upgd,0.01,12.0,test_eps,12.0,0.6249585990976976,0.24812996854488512,0.911406,0.8936466008619491,,1.2216695547103882,false,0.1985039748359081,0.4999668792781581
cifar10,resnet18,161,1,upgd,upgd,0.01,16.0,test_eps,16.0,0.5084891181458451,0.2301527393182814,0.408906,0.9837341860141805,,1.6968339681625366,false,0.18412219145462513,0.40679129451667606
cifar10,resnet18,162,1,upgd,upgd,0.01,20.0,test_eps,20.0,0.4901292254504819,0.17291967339699332,0.099375,0.9952731822605311,,1.7863539457321167,false,0.13833573871759466,0.3921033803603855
cifar10,resnet18,163,1,upgd,upgd,0.01,24.0,test_eps,24.0,0.17245175683212488,0.06605621182535515,0.672344,0.9970804949256221,,2.061378240585327,false,0.05284496946028412,0.1379614054656999
cifar10,resnet18,164,1,upgd,upgd,0.05,4.0,test_eps,4.0,0.2708102681838138,0.1462767288611786,0.999375,0.9499513415820937,,2.1409451961517334,true,0.11801422229454739,0.21764105375265558
cifar10,resnet18,165,1,upgd,upgd,0.05,6.0,test_eps,6.0,0.3383735749614143,0.14812039396949428,0.634531,0.9908244126233838,,2.4391777515411377,true,0.12416617008834488,0.2763687148818809
cifar10,resnet18,166,1,upgd,upgd,0.05,8.0,test_eps,8.0,0.16545775977693067,0.09084721540958007,1.0,0.9847073543723064,,4.08929967880249,true,0.10422557394019163,0.1639140094340721
cifar10,resnet18,167,1,upgd,upgd,0.05,10.0,test_eps,10.0,0.47108493208675606,0.15862006030915343,0.984375,0.9646878910051438,,2.56168794631958,true,0.13448716257628857,0.38445905999837066
cifar10,resnet18,168,1,upgd,upgd,0.05,12.0,test_eps,12.0,0.4845943311874106,0.3365020636363384,0.958438,0.9717781176143473,,2.840578079223633,true,0.2811664444644941,0.3996402585053519
cifar10,resnet18,169,1,upgd,upgd,0.05,16.0,test_eps,16.0,0.3572439375436147,0.20231360512433816,0.994219,0.9961073265674962,,2.9530439376831055,true,0.1755794173172044,0.2995236832526257
cifar10,resnet18,170,1,upgd,upgd,0.05,20.0,test_eps,20.0,0.6543318944467699,0.18588618967938975,0.312656,0.9963853746698179,,1.8134455680847168,false,0.1487089517435118,0.5234655155574159
cifar10,resnet18,171,1,upgd,upgd,0.05,24.0,test_eps,24.0,0.3857665645879733,0.18620950039896855,0.443281,0.9987487835395523,,5.05472993850708,false,0.14896760031917486,0.3086132516703787
